Workbook

Sheet DATABASE
A1: DATABASE POSYANDU
B2: DESA
A4: NO | B4: NAMA POSYANDU | C4: HARI BUKA | D4: JUMLAH RUMAH | E4: JUMLAH KK | F4: JUMLAH PENDUDUK | H4: JUMLAH ANAK USIA 3-6 THN | I4: JUMLAH ANAK USIA SD | J4: JUMLAH USIA PRODUKTIF | L4: JUMLAH LANSIA | M4: JUMLAH DISABILITAS | N4: STATUS BANGUNAN POSYANDU | P4: DANA SEHAT | R4: JUMLAH KADER | S4: STRATA POSYANDU | T4: KEGIATAN INTEGRASI
F5: L | G5: P | J5: PUS | K5: WUS | N5: MILIK SENDIRI | O5: MENUMPANG | P5: ADA | Q5: TIDAK ADA
A6: 1 | B6: MAWAR | C6: Tanggal 8 | D6: 137 | E6: 137 | F6: 201 | G6: 210 | H6: ='KES SIP 6 MAWAR'!A99 -> 16 | I6: ='KES SIP 6 MAWAR'!A157 -> 52 | J6: 66 | K6: 105 | L6: 67 | M6: 0 | N6: 0 | O6: 1 | P6: 0 | Q6: 0 | R6: 7 | S6: Madya
A7: 2 | B7: KENANGA | C7: Tanggal 5 | D7: 186 | E7: 186 | F7: 229 | G7: 262 | H7: ='KES SIP 6 KENANGA'!A130 -> 38 | I7: ='KES SIP 6 KENANGA'!A234 -> 87 | J7: 90 | K7: 157 | L7: 76 | M7: 5 | N7: 0 | O7: 1 | P7: 0 | Q7: 0 | R7: 7 | S7: Madya
A8: 3 | B8: DAHLIA | C8: Tanggal 11 | D8: 281 | E8: 281 | F8: 339 | G8: 408 | H8: ='KES SIP 6 DAHLIA'!A142 -> 31 | I8: ='KES SIP 6 DAHLIA'!A174 -> 26 | J8: 137 | K8: 76 | L8: 65 | M8: 0 | N8: 0 | O8: 1 | P8: 0 | Q8: 0 | R8: 7 | S8: Madya
A9: 4 | B9: MELATI | C9: Tanggal 12 | D9: 231 | E9: 231 | F9: 267 | G9: 334 | H9: ='KES SIP 6 MELATI'!A123 -> 23 | I9: ='KES SIP 6 MELATI'!A203 -> 70 | J9: 126 | K9: 173 | L9: 60 | M9: 2 | N9: 0 | O9: 1 | P9: 0 | Q9: 0 | R9: 7 | S9: Madya
A10: JUMLAH | D10: =SUM(D6:D9) -> 835 | E10: =SUM(E6:E9) -> 835 | F10: =SUM(F6:F9) -> 1036 | G10: =SUM(G6:G9) -> 1214 | H10: =SUM(H6:H9) -> 108 | I10: =SUM(I6:I9) -> 235 | J10: =SUM(J6:J9) -> 419 | K10: =SUM(K6:K9) -> 511 | ... T10: =SUM(T6:T9) -> 0

Sheet PENDIDIKAN
A1: LAPORAN POSYANDU
A2: BIDANG PENDIDIKAN
B3: DESA
A5: No | B5: tanggal | C5: Posyandu | D5: NIK | E5: Nama | F5: Alamat | G5: Hal pengaduan | H5: Keterangan
H6: TL | I6: BTL
A7: 1 | B7: 2 | C7: 3 | D7: 4 | E7: 5 | F7: 6 | G7: 7 | H7: 8 | I7: 9
A8: 1 | B8: 16-06-2025 | C8: CONTOH1 | D8: 3217064006750012 | E8: YANTI NURHAYATI | F8: RT 10/25 | G8: Tidak ada biaya untuk Kuliah jadi mengajukan pembuatan KIP | H8: Sudah diproses | I8: -
A9: 2
A10: 3

Sheet KES SIP 6 MAWAR
A1: DATA PENGUNJUNG
C3: DESA : BUMI MAS
A4: NO | C4: BULAN | D4: JUMLAH PENGUNJUNG | AC4: JUMLAH PETUGAS YG HADIR | AI4: JUMLAH BAYI | AM4: KET
D5: B A L I T A | M5: ANAK USIA 6-15 TAHUN | Q5: USIA PRODUKTIF | U5: LANSIA | Y5: WUS | Z5: IBU | AC5: KADER | AE5: PLKB | AG5: MEDIS DAN PARA MEDIS | AI5: YANG LAHIR | AK5: MENINGGAL
D6: BAYI 0 - 12 BULAN | I6: BALITA 1-5 TAHUN | Z6: PUS | AA6: HAMIL | AB6: MENYUSUI
D7: BARU | F7: LAMA | H7: TOTAL | I7: BARU | K7: LAMA | M7: BARU | O7: LAMA | Q7: BARU | S7: LAMA | U7: BARU | W7: LAMA
D8: L | E8: P | F8: L | G8: P | I8: L | J8: P | K8: L | L8: P | M8: L | N8: P | O8: L | P8: P | Q8: L | R8: P | S8: L | T8: P | U8: L | V8: P | W8: L | X8: P | AC8: L | AD8: P | AE8: L | AF8: P | AG8: L | AH8: P | AI8: L | AJ8: P | AK8: L | AL8: P
A9: 1 | C9: 2 | D9: 3 | E9: 4 | F9: 5 | G9: 6 | I9: 7 | J9: 8 | K9: 9 | L9: 10 | M9: 11 | N9: 12 | O9: 13 | P9: 14 | Q9: 15 | R9: 16 | S9: 17 | T9: 18 | U9: 19 | V9: 20 | W9: 21 | X9: 22 | Y9: 23 | Z9: 24 | AA9: 25 | AB9: 26 | AC9: 27 | AD9: 28 | AE9: 29 | AF9: 30 | AG9: 31 | AH9: 32 | AI9: 33 | AJ9: 34 | AK9: 35 | AL9: 36 | AM9: 37
A10: 1 | C10: JANUARI | D10: 0 | E10: 0 | F10: =SUM(I51,I53,I57) -> 0 | G10: =SUM(I52,I54,I55,I56) -> 2 | H10: =SUM(D10:G10) -> 2 | I10: 0 | J10: =sum(I94) -> 1 | K10: =sum(I66,I68,I69,I75,I80,I81,I85,I87,I88,I91,I93) -> 6 | L10: =sum(I65,I67,I69,I70,I71,I72,I73,I74,I76,I77,I78,I79,I82,I83,I84,I86,I89,I90,I92,I94,I95,I96,I97,I98,I99) -> 9 | M10: =Sum(I173) -> 0 | N10: =sum(I174) -> 0 | O10: =SUM(I107,I108,I110,I111,I112,I113,I114,I117,I118,I120,I122,I124,I125,I130,I131,I132,I133,I139,I142,I144,I148,I149,I150,I153,I155,I156,I157,I159,I161,I163,I164,I166,I167,I169,I172) -> 14 | P10: =SUM(I106,I109,I115,I116,I119,I121,I123,I126,I127,I128,I129,I134,I135,I136,I137,I138,I140,I141,I143,I145,I146,I147,I151,I152,I154,I158,I160,I162,I165,I168,I170,I171) -> 15
A11: 2 | C11: FEBRUARI | D11: 0 | E11: 0 | F11: =SUM(J51,J53,J57) -> 0 | G11: =SUM(J52,J54,J55,J56) -> 2 | H11: =SUM(D11:G11) -> 2 | I11: 0 | J11: 0 | K11: =sum(J66,J68,J69,J75,J80,J81,J85,J87,J88,J91,J93) -> 6 | L11: =sum(J65,J67,J69,J70,J71,J72,J73,J74,J76,J77,J78,J79,J82,J83,J84,J86,J89,J90,J92,J94,J95,J96,J97,J98,J99) -> 8 | M11: 0 | N11: 0 | O11: =SUM(J107,J108,J110,J111,J112,J113,J114,J117,J118,J120,J122,J124,J125,J130,J131,J132,J133,J139,J142,J144,J148,J149,J150,J153,J155,J156,J157,J159,J161,J163,J164,J166,J167,J169,J172,J173) -> 12 | P11: =SUM(J106,J109,J115,J116,J119,J121,J123,J126,J127,J128,J129,J134,J135,J136,J137,J138,J140,J141,J143,J145,J146,J147,J151,J152,J154,J158,J160,J162,J165,J168,J170,J171,J174) -> 8
A12: 3 | C12: MARET | D12: =SUM(K51) -> 0 | E12: 0 | F12: =SUM(K53,K57) -> 0 | G12: =SUM(K52,K54,K55,K56) -> 2 | H12: =SUM(D12:G12) -> 2 | I12: 0 | J12: 0 | K12: =sum(K66,K68,K69,K75,K80,K81,K85,K87,K88,K91,K93) -> 4 | L12: =sum(K65,K67,K69,K70,K71,K72,K73,K74,K76,K77,K78,K79,K82,K83,K84,K86,K89,K90,K92,K94,K95,K96,K97,K98,K99) -> 6 | M12: 0 | N12: 0 | O12: =SUM(K107,K108,K110,K111,K112,K113,K114,K117,K118,K120,K122,K124,K125,K130,K131,K132,K133,K139,K142,K144,K148,K149,K150,K153,K155,K156,K157,K159,K161,K163,K164,K166,K167,K169,K172,K173) -> 4 | P12: =SUM(K106,K109,K115,K116,K119,K121,K123,K126,K127,K128,K129,K134,K135,K136,K137,K138,K140,K141,K143,K145,K146,K147,K151,K152,K154,K158,K160,K162,K165,K168,K170,K171,K174) -> 4
A13: 4 | C13: APRIL | D13: =SUM(L53) -> 0 | E13: =SUM(L52,L54) -> 0 | F13: =SUM(L51) -> 0 | G13: =SUM(L55,L56) -> 2 | H13: =SUM(D13:G13) -> 2 | I13: 0 | J13: 0 | K13: =sum(L66,L68,L69,L75,L80,L81,L85,L87,L88,L91,L93) -> 4 | L13: =sum(L65,L67,L69,L70,L71,L72,L73,L74,L76,L77,L78,L79,L82,L83,L84,L86,L89,L90,L92,L94,L95,L96,L97,L98,L99) -> 6 | M13: 0 | N13: =sum(L175) -> 0 | O13: =SUM(L107,L108,L110,L111,L112,L113,L114,L117,L118,L120,L122,L124,L125,L130,L131,L132,L133,L139,L142,L144,L148,L149,L150,L153,L155,L156,L157,L159,L161,L163,L164,L166,L167,L169,L172,L173) -> 10 | P13: =SUM(L106,L109,L115,L116,L119,L121,L123,L126,L127,L128,L129,L134,L135,L136,L137,L138,L140,L141,L143,L145,L146,L147,L151,L152,L154,L158,L160,L162,L165,L168,L170,L171,L174) -> 7
A14: 5 | C14: MEI | D14: 0 | E14: 0 | F14: =SUM(M51,M53,M57) -> 0 | G14: =SUM(M52,M54,M55,M56) -> 2 | H14: =SUM(D14:G14) -> 2 | I14: 0 | J14: =sum(M95,M96) -> 0 | K14: =sum(M66,M68,M69,M75,M80,M81,M85,M87,M88,M91,M93) -> 5 | L14: =sum(M65,M67,M69,M70,M71,M72,M73,M74,M76,M77,M78,M79,M82,M83,M84,M86,M89,M90,M92,M94,M95,M96,M97,M98,M99) -> 8 | M14: =Sum(M176,M177) -> 0 | N14: 0 | O14: =SUM(M107,M108,M110,M111,M112,M113,M114,M117,M118,M120,M122,M124,M125,M130,M131,M132,M133,M139,M142,M144,M148,M149,M150,M153,M155,M156,M157,M159,M161,M163,M164,M166,M167,M169,M172,M173) -> 14 | P14: =SUM(M106,M109,M115,M116,M119,M121,M123,M126,M127,M128,M129,M134,M135,M136,M137,M138,M140,M141,M143,M145,M146,M147,M151,M152,M154,M158,M160,M162,M165,M168,M170,M171,M174,M175) -> 5
A15: 6 | C15: JUNI | D15: 0 | E15: =SUM(N55) -> 1 | F15: =SUM(N51,N53,N57) -> 1 | G15: =SUM(N52,N54,N56) -> 2 | H15: =SUM(D15:G15) -> 4 | I15: 0 | J15: 0 | K15: =sum(N66,N68,N69,N75,N80,N81,N85,N87,N88,N91,N93) -> 4 | L15: =sum(N65,N67,N69,N70,N71,N72,N73,N74,N76,N77,N78,N79,N82,N83,N84,N86,N89,N90,N92,N94,N95,N96,N97,N98,N99) -> 9 | M15: =sum(N178) -> 0 | N15: 0 | O15: =SUM(N107,N108,N110,N111,N112,N113,N114,N117,N118,N120,N122,N124,N125,N130,N131,N132,N133,N139,N142,N144,N148,N149,N150,N153,N155,N156,N157,N159,N161,N163,N164,N166,N167,N169,N172,N173,N176,N177) -> 7 | P15: =SUM(N106,N109,N115,N116,N119,N121,N123,N126,N127,N128,N129,N134,N135,N136,N137,N138,N140,N141,N143,N145,N146,N147,N151,N152,N154,N158,N160,N162,N165,N168,N170,N171,N174,N175) -> 9
A16: 7 | C16: JULI | D16: 0 | E16: =SUM(O56) -> 1 | F16: =SUM(O51,O53,O57) -> 1 | G16: =SUM(O52,O54,O55) -> 2 | H16: =SUM(D16:G16) -> 4 | I16: 0 | J16: =sum(O97) -> 1 | K16: =sum(O66,O68,O69,O75,O80,O81,O85,O87,O88,O91,O93) -> 6 | L16: =sum(O65,O67,O69,O70,O71,O72,O73,O74,O76,O77,O78,O79,O82,O83,O84,O86,O89,O90,O92,O94,O95,O96,O97,O98,O99) -> 10 | M16: 0 | N16: 0 | O16: =SUM(O107,O108,O110,O111,O112,O113,O114,O117,O118,O120,O122,O124,O125,O130,O131,O132,O133,O139,O142,O144,O148,O149,O150,O153,O155,O156,O157,O159,O161,O163,O164,O166,O167,O169,O172,O173,O176,O177,O178) -> 10 | P16: =SUM(O106,O109,O115,O116,O119,O121,O123,O126,O127,O128,O129,O134,O135,O136,O137,O138,O140,O141,O143,O145,O146,O147,O151,O152,O154,O158,O160,O162,O165,O168,O170,O171,O174,O175) -> 8
A17: 8 | C17: AGUSTUS | D17: 0 | E17: 0 | F17: =SUM(P51,P53,P57) -> 1 | G17: =SUM(P52,P54,P55,P56) -> 3 | H17: =SUM(D17:G17) -> 4 | I17: 0 | J17: 0 | K17: =SUM(P66,P68,P69,P75,P80,P81,P85,P87,P88,P91,P93) -> 5 | L17: =suM(P65,P67,P69,P70,P71,P72,P73,P74,P76,P77,P78,P79,P82,P83,P84,P86,P89,P90,P92,P94,P95,P96,P97,P98,P99) -> 8 | M17: 0 | N17: 0 | O17: =SUM(P107,P108,P110,P111,P112,P113,P114,P117,P118,P120,P122,P124,P125,P130,P131,P132,P133,P139,P142,P144,P148,P149,P150,P153,P155,P156,P157,P159,P161,P163,P164,P166,P167,P169,P172,P173,P176,P177,P178) -> 8 | P17: =SUM(P106,P109,P115,P116,P119,P121,P123,P126,P127,P128,P129,P134,P135,P136,P137,P138,P140,P141,P143,P145,P146,P147,P151,P152,P154,P158,P160,P162,P165,P168,P170,P171,P174,P175) -> 11
A18: 9 | C18: SEPTEMBER | D18: =SUM(Q57) -> 0 | E18: 0 | F18: =SUM(Q51,Q53) -> 1 | G18: =SUM(Q52,Q54,Q55,Q56) -> 3 | H18: =SUM(D18:G18) -> 4 | I18: 0 | J18: =sum(Q98) -> 1 | K18: =suM(Q66,Q68,Q69,Q75,Q80,Q81,Q85,Q87,Q88,Q91,Q93) -> 5 | L18: =suM(Q65,Q67,Q69,Q70,Q71,Q72,Q73,Q74,Q76,Q77,Q78,Q79,Q82,Q83,Q84,Q86,Q89,Q90,Q92,Q94,Q95,Q96,Q97,Q98,Q99) -> 10 | M18: 0 | N18: 0 | O18: =SUM(Q107,Q108,Q110,Q111,Q112,Q113,Q114,Q117,Q118,Q120,Q122,Q124,Q125,Q130,Q131,Q132,Q133,Q139,Q142,Q144,Q148,Q149,Q150,Q153,Q155,Q156,Q157,Q159,Q161,Q163,Q164,Q166,Q167,Q169,Q172,Q173,Q176,Q177,Q178) -> 7 | P18: =SUM(Q106,Q109,Q115,Q116,Q119,Q121,Q123,Q126,Q127,Q128,Q129,Q134,Q135,Q136,Q137,Q138,Q140,Q141,Q143,Q145,Q146,Q147,Q151,Q152,Q154,Q158,Q160,Q162,Q165,Q168,Q170,Q171,Q174,Q175) -> 11
A19: 10 | C19: OKTOBER | D19: 0 | E19: 0 | F19: =SUM(R51,R53,R57) -> 1 | G19: =SUM(R52,R54,R55,R56) -> 3 | H19: =SUM(D19:G19) -> 4 | I19: 0 | J19: 0 | K19: =suM(R66,R68,R69,R75,R80,R81,R85,R87,R88,R91,R93) -> 7 | L19: =suM(R65,R67,R69,R70,R71,R72,R73,R74,R76,R77,R78,R79,R82,R83,R84,R86,R89,R90,R92,R94,R95,R96,R97,R98,R99) -> 11 | M19: 0 | N19: =SUM(R179) -> 0 | O19: =SUM(R107,R108,R110,R111,R112,R113,R114,R117,R118,R120,R122,R124,R125,R130,R131,R132,R133,R139,R142,R144,R148,R149,R150,R153,R155,R156,R157,R159,R161,R163,R164,R166,R167,R169,R172,R173,R176,R177,R178) -> 12 | P19: =SUM(R106,R109,R115,R116,R119,R121,R123,R126,R127,R128,R129,R134,R135,R136,R137,R138,R140,R141,R143,R145,R146,R147,R151,R152,R154,R158,R160,R162,R165,R168,R170,R171,R174,R175) -> 4
A20: 11 | C20: NOVEMBER | D20: 0 | E20: 0 | F20: =SUM(S51,S53,S57) -> 1 | G20: =SUM(S52,S54,S55,S56) -> 4 | H20: =SUM(D20:G20) -> 5 | I20: 0 | J20: =sum(S99) -> 1 | K20: =suM(S66,S68,S69,S75,S80,S81,S85,S87,S88,S91,S93) -> 7 | L20: =suM(S65,S67,S69,S70,S71,S72,S73,S74,S76,S77,S78,S79,S82,S83,S84,S86,S89,S90,S92,S94,S95,S96,S97,S98,S99) -> 12 | M20: 0 | N20: =SUM(S180) -> 0 | O20: =SUM(S107,S108,S110,S111,S112,S113,S114,S117,S118,S120,S122,S124,S125,S130,S131,S132,S133,S139,S142,S144,S148,S149,S150,S153,S155,S156,S157,S159,S161,S163,S164,S166,S167,S169,S172,S173,S176,S177,S178) -> 9 | P20: =SUM(S106,S109,S115,S116,S119,S121,S123,S126,S127,S128,S129,S134,S135,S136,S137,S138,S140,S141,S143,S145,S146,S147,S151,S152,S154,S158,S160,S162,S165,S168,S170,S171,S174,S175,S179) -> 5
A21: 12 | C21: DESEMBER | D21: 0 | E21: 0 | F21: =SUM(T51,T53,T57) -> 2 | G21: =SUM(T52,T54,T55,T56) -> 4 | H21: =SUM(D21:G21) -> 6 | I21: 0 | J21: 0 | K21: =suM(T66,T68,T69,T75,T80,T81,T85,T87,T88,T91,T93) -> 6 | L21: =suM(T65,T67,T69,T70,T71,T72,T73,T74,T76,T77,T78,T79,T82,T83,T84,T86,T89,T90,T92,T94,T95,T96,T97,T98,T99) -> 9 | M21: 0 | N21: =SUM(T181) -> 0 | O21: =SUM(T107,T108,T110,T111,T112,T113,T114,T117,T118,T120,T122,T124,T125,T130,T131,T132,T133,T139,T142,T144,T148,T149,T150,T153,T155,T156,T157,T159,T161,T163,T164,T166,T167,T169,T172,T173,T176,T177,T178) -> 11 | P21: =SUM(T106,T109,T115,T116,T119,T121,T123,T126,T127,T128,T129,T134,T135,T136,T137,T138,T140,T141,T143,T145,T146,T147,T151,T152,T154,T158,T160,T162,T165,T168,T170,T171,T174,T175,T179,T180) -> 11
C22: TOTAL | D22: =SUM(D10:D21) -> 0 | E22: =SUM(E10:E21) -> 2 | F22: =SUM(F10:F21) -> 8 | G22: =SUM(G10:G21) -> 31 | H22: =SUM(H10:H21) -> 41 | I22: =SUM(I10:I21) -> 0 | J22: =SUM(J10:J21) -> 4 | K22: =SUM(K10:K21) -> 65 | ... P22: =SUM(P10:P21) -> 98
A24: DATA SASARAN KUNJUNGAN
A25: DESA : | C25: BUMI MAS
A26: TAHUN : | C26: 2025
A28: DATA SASARAN IBU HAMIL/NIFAS/MENYUSUI
A29: NO | C29: SASARAN IBU HAMIL/MENYUSUI | F29: TANGGAL LAHIR | G29: JUMLAH KUNJUNGAN DAN JUMLAH SASARAN IBU HAMIL/NIFAS/MENYUSUI
C30: NAMA IBU | D30: NAMA SUAMI | E30: NAMA BAYI | G30: JAN | H30: FEB | I30: MAR | J30: APR | K30: MEI | L30: JUN | M30: JUL | N30: AGU | O30: SEP | P30: OKT | Q30: NOV | R30: DES | S30: JUMLAH
A31: 1 | C31: 2 | D31: 3 | E31: 4 | G31: 5 | H31: 6 | I31: 7 | J31: 8 | K31: 9 | L31: 10 | M31: 11 | N31: 12 | O31: 13 | P31: 14 | Q31: 15 | R31: 16
A32: 1 | C32: Tika Mayasari | D32: Romadona Catur | E32: Fahel Tristian Daneswara | F32: 35260 | G32: 0 | H32: 0 | I32: 0 | J32: 0 | K32: 0 | L32: 0 | M32: 0 | N32: 0 | O32: 0 | P32: 1 | Q32: 1 | R32: 0 | S32: =SUM(G32:R32) -> 2
A33: =A32+1 -> 2 | C33: Ani Kholifatunnisa | D33: Edi Julianto | E33: Elshinta Khodijah | F33: 35215 | G33: 0 | H33: 0 | I33: 0 | J33: 0 | K33: 1 | L33: 0 | M33: 1 | N33: 1 | O33: 0 | Q33: 1 | R33: 1 | S33: =SUM(G33:R33) -> 5
A34: =A33+1 -> 3 | C34: Indri Eka Saputri | D34: Sugiarto | E34: Anya Sabrina Naviera | F34: 34221 | G34: 1 | H34: 1 | I34: 1 | J34: 1 | K34: 1 | L34: 1 | M34: 1 | N34: 1 | O34: 1 | P34: 1 | Q34: 1 | R34: 1 | S34: =SUM(G34:R34) -> 12
A35: =A34+1 -> 4 | C35: Dinda Yulia Krisma | D35: Afrizal Fahri | E35: Muhammad ElZavier Aswindra | F35: 36003 | G35: 0 | H35: 0 | I35: 0 | J35: 1 | K35: 1 | L35: 1 | M35: 1 | N35: 0 | O35: 1 | P35: 1 | Q35: 1 | R35: 1 | S35: =SUM(G35:R35) -> 8
A36: =A35+1 -> 5 | C36: Neliyana Lasmita | D36: Elga Erlangga | E36: - | F36: 37488 | G36: 0 | H36: 0 | I36: 0 | J36: 0 | K36: 0 | L36: 0 | M36: 0 | N36: 0 | O36: 1 | P36: 1 | Q36: 1 | R36: 1 | S36: =SUM(G36:R36) -> 4
A37: =A36+1 -> 6 | S37: =SUM(G37:R37) -> 0
A38: =A37+1 -> 7 | S38: =SUM(G38:R38) -> 0
A40: =A38+1 -> 8 | S40: =SUM(G40:R40) -> 0
A41: JUMLAH | G41: =SUM(G32:G40) -> 1 | H41: =SUM(H32:H40) -> 1 | I41: =SUM(I32:I40) -> 1 | J41: =SUM(J32:J40) -> 2 | K41: =SUM(K32:K40) -> 3 | L41: =SUM(L32:L40) -> 2 | M41: =SUM(M32:M40) -> 3 | N41: =SUM(N32:N40) -> 2 | ... S41: =SUM(S32:S40) -> 31
A47: DATA SASARAN BAYI (0-12 BULAN)
A48: NO | C48: NAMA BAYI/BALITA | D48: JENIS KELAMIN | E48: TANGGAL LAHIR | F48: USIA | G48: NAMA | I48: JUMLAH KUNJUNGAN DAN JUMLAH SASARAN BALITA BAYI 0-12 BULAN
G49: IBU | H49: AYAH | I49: JAN | J49: FEB | K49: MAR | L49: APR | M49: MEI | N49: JUN | O49: JUL | P49: AGU | Q49: SEP | R49: OKT | S49: NOV | T49: DES | U49: JUMLAH
A50: 1 | C50: 2 | D50: 3 | E50: 4 | G50: 5 | H50: 6 | I50: 7 | J50: 8 | K50: 9 | L50: 10 | M50: 11 | N50: 12 | O50: 13 | P50: 14 | Q50: 15 | R50: 16 | S50: 17 | T50: 18
A51: 1 | C51: Muhammad Bara Alfatih | D51: Laki-laki | E51: 46007 | F51: 0bulan | G51: Audina Sari | H51: Rijal | I51: 0 | J51: 0 | K51: 0 | L51: 0 | M51: 0 | N51: 0 | O51: 0 | P51: 0 | Q51: 0 | R51: 0 | S51: 0 | T51: 1 | U51: =SUM(I51:T51) -> 1
A52: =A51+1 -> 2 | C52: Fahel Tristian Dhaniswara | D52: Laki-laki | E52: 45819 | F52: 1bulan | G52: Tika Mayasari | H52: Romadhona Catur | I52: 0 | J52: 0 | K52: 0 | L52: 0 | M52: 0 | N52: 0 | O52: 0 | P52: 0 | Q52: 0 | R52: 0 | S52: 1 | T52: 1
A53: =A52+1 -> 3 | C53: Elshinta khodijah | D53: Perempuan | E53: 45808 | F53: 0bulan | G53: Ani Kholifatunnisa | H53: Edi Julianto | I53: 0 | J53: 0 | K53: 0 | L53: 0 | M53: 0 | N53: 1 | O53: 1 | P53: 1 | Q53: 1 | R53: 1 | S53: 1 | T53: 1
A54: =A53+1 -> 4 | C54: Anya Sabrina Naviera | D54: Perempuan | E54: 45776 | F54: 1bulan | G54: Indri Eka Saputri | H54: Sugiarto | I54: 0 | J54: 0 | K54: 0 | L54: 0 | M54: 0 | N54: 1 | O54: 1 | P54: 1 | Q54: 1 | R54: 1 | S54: 1 | T54: 1
A55: =A54+1 -> 5 | C55: Muhammad Elzayn Kenzio | D55: laki-laki | E55: 45526 | F55: =DATEDIF(E55,TODAY(),"ym") & "bulan" -> 9bulan | G55: Ona Rohimatul Jannah | I55: 1 | J55: 1 | K55: 1 | L55: 1 | M55: 1 | N55: 1 | O55: 1 | P55: 1 | Q55: 1 | R55: 1 | S55: 1 | T55: 1
A56: =A55+1 -> 6 | C56: Alayya Fahma Hafiza | D56: Perempuan | E56: 45547 | F56: =DATEDIF(E56,TODAY(),"ym") & "bulan" -> 8bulan | G56: Habibah | H56: M. Khoironi | I56: 1 | J56: 1 | K56: 1 | L56: 1 | M56: 1 | N56: 1 | O56: 1 | P56: 1 | Q56: 1 | R56: 1 | S56: 1 | T56: 1
A57: =A56+1 -> 7 | F57: =DATEDIF(E57,TODAY(),"ym") & "bulan" -> 5bulan
C58: Jumlah | I58: =SUM(I51:I57) -> 2 | J58: =SUM(J51:J57) -> 2 | K58: =SUM(K51:K57) -> 2 | L58: =SUM(L51:L57) -> 2 | M58: =SUM(M51:M57) -> 2 | N58: =SUM(N51:N57) -> 4 | O58: =SUM(O51:O57) -> 4 | P58: =SUM(P51:P57) -> 4 | ... T58: =SUM(T51:T57) -> 6 | U58: =SUM(I58:T58) -> 41
A61: DATA SASARAN BALITA USIA 1-2TAHUN
A62: NO | C62: NAMA BAYI | D62: JENIS KELAMIN | E62: TANGGAL LAHIR | F62: USIA | I62: JUMLAH KUNJUNGAN DAN JUMLAH SASARAN BALITA 1-5 TAHUN
G63: IBU | H63: AYAH | I63: JAN | J63: FEB | K63: MAR | L63: APR | M63: MEI | N63: JUN | O63: JUL | P63: AGU | Q63: SEP | R63: OKT | S63: NOV | T63: DES | U63: JUMLAH
A64: 1 | D64: 3 | E64: 4 | G64: 5 | H64: 6 | I64: 7 | J64: 8 | K64: 9 | L64: 10 | M64: 11 | N64: 12 | O64: 13 | P64: 14 | Q64: 15 | R64: 16 | S64: 17 | T64: 18
A65: 1 | C65: Nizam Bara Sanjaya | D65: Laki-laki | E65: 45428 | F65: 1 | G65: Novita sari | H65: M Den Sanjaya | I65: 1 | J65: 1 | K65: 1 | L65: 1 | M65: 1 | N65: 1 | O65: 1 | P65: 0 | Q65: 1 | R65: 1 | S65: 1 | T65: 1 | U65: =SUM(I65:T65) -> 11
A66: =A65+1 -> 2 | C66: Khalila Mutanalu Aruna Khoiri | D66: Perempuan | E66: 45415 | F66: =DATEDIF(E66,TODAY(),"y") -> 2 | G66: Nina Fajaryanti | H66: Nurul Khoiri | I66: 1 | J66: 1 | K66: 1 | L66: 1 | M66: 1 | N66: 1 | O66: 1 | P66: 1 | Q66: 1 | R66: 1 | S66: 1 | T66: 1 | U66: =SUM(I66:T66) -> 12
A67: =A66+1 -> 3 | C67: Naysa Lita Almahira | D67: Perempuan | E67: 45299 | F67: =DATEDIF(E67,TODAY(),"y") -> 2 | G67: Indri Eka Saputri | H67: Sugiarto | I67: 1 | J67: 1 | K67: 0 | L67: 1 | M67: 1 | N67: 1 | O67: 1 | P67: 1 | Q67: 1 | R67: 1 | S67: 1 | T67: 1 | U67: =SUM(I67:T67) -> 11
A68: =A67+1 -> 4 | C68: Narayya Adiba Syaquila | D68: Perempuan | E68: 45244 | F68: =DATEDIF(E68,TODAY(),"y") -> 2 | G68: Audina Sari | H68: Rijal | I68: 1 | J68: 1 | K68: 1 | L68: 1 | M68: 1 | N68: 1 | O68: 1 | P68: 0 | Q68: 0 | R68: 1 | S68: 1 | T68: 1 | U68: =SUM(I68:T68) -> 10
A69: =A68+1 -> 5 | F69: =DATEDIF(E69,TODAY(),"y") -> 126 | U69: =SUM(I69:T69) -> 0
A70: =A69+1 -> 6 | F70: =DATEDIF(E70,TODAY(),"y") -> 126 | U70: =SUM(I70:T70) -> 0
A71: =A70+1 -> 7 | F71: =DATEDIF(E71,TODAY(),"y") -> 126 | U71: =SUM(I71:T71) -> 0
A72: =A71+1 -> 8 | F72: =DATEDIF(E72,TODAY(),"y") -> 126 | U72: =SUM(I72:T72) -> 0
A73: =A72+1 -> 9 | F73: =DATEDIF(E73,TODAY(),"y") -> 126 | U73: =SUM(I73:T73) -> 0
A74: =A73+1 -> 10 | F74: =DATEDIF(E74,TODAY(),"y") -> 126 | U74: =SUM(I74:T74) -> 0
A75: =A74+1 -> 11 | F75: =DATEDIF(E75,TODAY(),"y") -> 126 | U75: =SUM(I75:T75) -> 0
A76: =A75+1 -> 12 | F76: =DATEDIF(E76,TODAY(),"y") -> 126 | U76: =SUM(I76:T76) -> 0
A77: =A76+1 -> 13 | F77: =DATEDIF(E77,TODAY(),"y") -> 126 | U77: =SUM(I77:T77) -> 0
A78: =A77+1 -> 14 | F78: =DATEDIF(E78,TODAY(),"y") -> 126 | U78: =SUM(I78:T78) -> 0
A79: =A78+1 -> 15 | F79: =DATEDIF(E79,TODAY(),"y") -> 126 | U79: =SUM(I79:T79) -> 0
A81: DATA SASARAN BALITA USIA 3-6TAHUN
A82: NO | C82: NAMA BALITA/PRA | D82: JENIS KELAMIN | E82: TANGGAL LAHIR | F82: USIA | G82: NAMA | I82: JUMLAH KUNJUNGAN DAN JUMLAH SASARAN BALITA 1-5 TAHUN
G83: IBU | H83: AYAH | I83: JAN | J83: FEB | K83: MAR | L83: APR | M83: MEI | N83: JUN | O83: JUL | P83: AGU | Q83: SEP | R83: OKT | S83: NOV | T83: DES | U83: JUMLAH
A84: =A83+1 -> 1 | C84: Aruni Nafeeza Kristian | D84: Perempuan | E84: 44761 | F84: =DATEDIF(E84,TODAY(),"y") -> 3 | G84: Yuni Astuti | H84: Ari Kristian | I84: 0 | J84: 0 | K84: 0 | L84: 0 | M84: 1 | N84: 1 | O84: 0 | P84: 0 | Q84: 1 | R84: 1 | S84: 1 | T84: 0 | U84: =SUM(I84:T84) -> 5
A85: =A84+1 -> 2 | C85: Atiqah Zayda Rifaya | D85: Perempuan | E85: 44888 | F85: =DATEDIF(E85,TODAY(),"y") -> 3 | G85: Septiana | H85: Teguh Arianto | I85: 1 | J85: 1 | K85: 1 | L85: 1 | M85: 1 | N85: 1 | O85: 1 | P85: 1 | Q85: 1 | R85: 1 | S85: 1 | T85: 1 | U85: =SUM(I85:T85) -> 12
A86: =A85+1 -> 3 | C86: Thufaila Cinda Nazrima | D86: Perempuan | E86: 44864 | F86: =DATEDIF(E86,TODAY(),"y") -> 3 | G86: Diah Nurrohmah | H86: Tomi Kurniawan | I86: 1 | J86: 1 | K86: 1 | L86: 1 | M86: 1 | N86: 1 | O86: 1 | P86: 1 | Q86: 1 | R86: 1 | S86: 1 | T86: 1 | U86: =SUM(I86:T86) -> 12
A87: =A86+1 -> 4 | C87: Valerio Gevano | D87: Laki-laki | E87: 44782 | F87: =DATEDIF(E87,TODAY(),"y") -> 3 | G87: Rika Ayunita | H87: Iwan Purwanto | I87: 1 | J87: 1 | K87: 1 | L87: 1 | M87: 1 | N87: 0 | O87: 1 | P87: 1 | Q87: 1 | R87: 1 | S87: 1 | T87: 1 | U87: =SUM(I87:T87) -> 11
A88: =A87+1 -> 5 | C88: Jihan Aira Syaquila | D88: Perempuan | E88: 44671 | F88: =DATEDIF(E88,TODAY(),"y") -> 4 | G88: Audina Sari | H88: Rizal | I88: 1 | J88: 1 | K88: 0 | L88: 0 | M88: 0 | N88: 0 | O88: 1 | P88: 1 | Q88: 1 | R88: 1 | S88: 1 | T88: 1 | U88: =SUM(I88:T88) -> 8
A89: =A88+1 -> 6 | C89: Amaira Dara Gauri | D89: Perempuan | E89: 44670 | F89: =DATEDIF(E89,TODAY(),"y") -> 4 | G89: Ni Ketut Ara | H89: Willy Yuda W. | I89: 1 | J89: 1 | K89: 0 | L89: 0 | M89: 1 | N89: 1 | O89: 1 | P89: 1 | Q89: 1 | R89: 1 | S89: 1 | T89: 1 | U89: =SUM(I89:T89) -> 10
A90: =A89+1 -> 7 | C90: Fahrezel Ganendra | D90: Laki-laki | E90: 44542 | F90: =DATEDIF(E90,TODAY(),"y") -> 4 | G90: Tika Maya Sari | H90: Romadhona Catur N. | I90: 0 | J90: 0 | K90: 1 | L90: 1 | M90: 0 | N90: 0 | O90: 0 | P90: 1 | Q90: 1 | R90: 1 | S90: 1 | T90: 1 | U90: =SUM(I90:T90) -> 7
A91: =A90+1 -> 8 | C91: M. Albiansyah Denandra | D91: Laki laki | E91: 44519 | F91: =DATEDIF(E91,TODAY(),"y") -> 4 | G91: Arshela wahyu N | H91: Sukma Puji S. | I91: 1 | J91: 1 | K91: 0 | L91: 0 | M91: 0 | N91: 1 | O91: 1 | P91: 1 | Q91: 1 | R91: 1 | S91: 1 | T91: 1 | U91: =SUM(I91:T91) -> 9
A92: =A91+1 -> 9 | C92: Arsyla Aluna Camelia Kinanti | D92: Perempuan | E92: 44496 | F92: =DATEDIF(E92,TODAY(),"y") -> 4 | G92: Nurul Lutfiana | H92: Arif Amirudin | I92: 1 | J92: 1 | K92: 1 | L92: 1 | M92: 1 | N92: 0 | O92: 1 | P92: 0 | Q92: 1 | R92: 1 | S92: 1 | T92: 0 | U92: =SUM(I92:T92) -> 9
A93: =A92+1 -> 10 | C93: Quinbee Nabila Aisyah | D93: Perempuan | E93: 44448 | F93: =DATEDIF(E93,TODAY(),"y") -> 4 | G93: Febriyanti Tri S. | H93: Eli susanto | I93: 0 | J93: 0 | K93: 0 | L93: 0 | M93: 1 | N93: 0 | O93: 0 | P93: 0 | Q93: 0 | R93: 1 | S93: 1 | T93: 0 | U93: =SUM(I93:T93) -> 3
A94: =A93+1 -> 11 | C94: M. Syafiq Dzulfikri | D94: Laki-laki | E94: 44342 | F94: =DATEDIF(E94,TODAY(),"y") -> 5 | G94: Ani Kholifatunnisa | H94: Edi Julianto | I94: 1 | J94: 0 | K94: 0 | L94: 0 | M94: 0 | N94: 1 | O94: 1 | P94: 0 | Q94: 0 | R94: 1 | S94: 0 | T94: 1 | U94: =SUM(I94:T94) -> 5
A95: =A94+1 -> 12 | C95: Robbani Ghazala Fernanda | D95: laki-laki | E95: 44305 | F95: =DATEDIF(E95,TODAY(),"y") -> 5 | G95: Intan Septiani | H95: Hendri Fernanda | I95: 1 | J95: 1 | K95: 0 | L95: 0 | M95: 0 | N95: 1 | O95: 0 | P95: 1 | Q95: 1 | R95: 0 | S95: 1 | T95: 1 | U95: =SUM(I95:T95) -> 7
... A99: =A98+1 -> 16 | C99: Keysha Sabina Anwar | D99: Perempuan | E99: 44120 | F99: =DATEDIF(E99,TODAY(),"y") -> 5 | G99: Fita Ratna Sari | H99: Soni Anwar | I99: 1 | J99: 1 | K99: 1 | L99: 1 | M99: 1 | N99: 1 | O99: 1 | P99: 1 | Q99: 1 | R99: 1 | S99: 1 | T99: 1 | U99: =SUM(I99:T99) -> 12
C100: JUMLAH | I100: =SUM(I65:I99) -> 15 | J100: =SUM(J65:J99) -> 14 | K100: =SUM(K65:K99) -> 10 | L100: =SUM(L65:L99) -> 10 | M100: =SUM(M65:M99) -> 13 | N100: =SUM(N65:N99) -> 13 | O100: =SUM(O65:O99) -> 16 | P100: =SUM(P65:P99) -> 13 | ... U100: =SUM(U65:U99) -> 171
A102: DATA SASARAN ANAK USIA 7-15 TAHUN
A103: NO | C103: NAMA ANAK USIA 7-15 TAHUN | D103: JENIS KELAMIN | E103: TANGGAL LAHIR | F103: USIA | G103: NAMA | I103: JUMLAH KUNJUNGAN DAN JUMLAH SASARAN ANAK USIA 6-15 TAHUN
G104: IBU | H104: AYAH | I104: JAN | J104: FEB | K104: MAR | L104: APR | M104: MEI | N104: JUN | O104: JUL | P104: AGU | Q104: SEP | R104: OKT | S104: NOV | T104: DES | U104: JUMLAH
A105: 1 | C105: 2 | D105: 3 | E105: 4 | G105: 5 | H105: 6 | I105: 7 | J105: 8 | K105: 9 | L105: 10 | M105: 11 | N105: 12 | O105: 13 | P105: 14 | Q105: 15 | R105: 16 | S105: 17 | T105: 18
A106: 1 | C106: Aulia izzatun nisa | D106: Perempuan | E106: 42045 | F106: 11 | G106: Indri eka saputri | H106: Sugiarto | I106: 0 | J106: 0 | K106: 0 | L106: 1 | M106: 0 | N106: 0 | O106: 0 | P106: 0 | Q106: 1 | R106: 0 | S106: 0 | T106: 0 | U106: =SUM(I106:T106) -> 2
A107: =A106+1 -> 2 | C107: Reiki Savian Al tezza | D107: laki laki | E107: 43542 | F107: =DATEDIF(E107,TODAY(),"y") -> 7 | G107: Indri eka saputri | H107: sugiarto | I107: 1 | J107: 1 | K107: 1 | L107: 1 | M107: 1 | N107: 1 | O107: 1 | P107: 1 | Q107: 1 | R107: 1 | S107: 1 | T107: 1 | U107: 12
A108: =A107+1 -> 3 | C108: Alesha nada saviea | D108: perempuan | E108: 41707 | F108: =DATEDIF(E108,TODAY(),"y") -> 12 | G108: miyanti | H108: Zainul abidin | I108: 1 | J108: 0 | K108: 0 | L108: 0 | M108: 0 | N108: 1 | O108: 0 | P108: 0 | Q108: 0 | R108: 0 | S108: 0 | T108: 0 | U108: =SUM(I108:T108) -> 2
A109: =A108+1 -> 4 | C109: khalifi Aruna Khoiri | D109: laki laki | E109: 43537 | F109: =DATEDIF(E109,TODAY(),"y") -> 7 | G109: Nina f | H109: Nurul .l.k. | I109: 1 | J109: 1 | K109: 1 | L109: 1 | M109: 1 | N109: 1 | O109: 1 | P109: 1 | Q109: 1 | R109: 1 | S109: 1 | T109: 1 | U109: =SUM(I109:T109) -> 12
A110: =A109+1 -> 5 | C110: Assyifa Zahra Fadia .H. | D110: perempuan | E110: 42875 | F110: =DATEDIF(E110,TODAY(),"y") -> 9 | G110: Fadhillah.A. | H110: yoga trimawan | I110: 0 | J110: 0 | K110: 0 | L110: 0 | M110: 0 | N110: 0 | O110: 0 | P110: 0 | Q110: 0 | R110: 0 | S110: 0 | T110: 0 | U110: =SUM(I110:T110) -> 0
A111: =A110+1 -> 6 | C111: Melin Tumanan | D111: perempuan | E111: 41657 | F111: =DATEDIF(E111,TODAY(),"y") -> 12 | G111: Linda .w. | H111: Beni tumanan | I111: 1 | J111: 0 | K111: 0 | L111: 1 | M111: 0 | N111: 0 | O111: 1 | P111: 0 | Q111: 0 | R111: 0 | S111: 0 | T111: 1 | U111: =SUM(I111:T111) -> 4
A112: =A111+1 -> 7 | C112: Xavier faeyza tumanan | D112: laki laki | E112: 43004 | F112: =DATEDIF(E112,TODAY(),"y") -> 8 | G112: Linda .w. | H112: Beni tumanan | I112: 1 | J112: 1 | K112: 1 | L112: 1 | M112: 1 | N112: 1 | O112: 1 | P112: 1 | Q112: 1 | R112: 1 | S112: 1 | T112: 1 | U112: =SUM(I112:T112) -> 12
A113: =A112+1 -> 8 | C113: Azka Abyan nandana | D113: laki laki | E113: 41355 | F113: =DATEDIF(E113,TODAY(),"y") -> 13 | G113: Ari Lusiana.w. | H113: merdi priono | I113: 0 | J113: 1 | K113: 0 | L113: 0 | M113: 0 | N113: 0 | O113: 1 | P113: 0 | Q113: 0 | R113: 0 | S113: 1 | T113: 0 | U113: 3
A114: =A113+1 -> 9 | C114: Alvaro Akbar Anindito | D114: laki laki | E114: 42075 | F114: =DATEDIF(E114,TODAY(),"y") -> 11 | G114: septiana | H114: teguh ariyanto | I114: 1 | J114: 0 | K114: 0 | L114: 0 | M114: 1 | N114: 0 | O114: 0 | P114: 0 | Q114: 1 | R114: 0 | S114: 0 | T114: 1 | U114: =SUM(I114:T114) -> 4
A115: =A114+1 -> 10 | C115: Anida Rahma putri syam | D115: laki laki | E115: 41708 | F115: =DATEDIF(E115,TODAY(),"y") -> 12 | G115: sukarsih | H115: syamsudin | I115: 1 | J115: 0 | K115: 0 | L115: 1 | M115: 0 | N115: 0 | O115: 0 | P115: 1 | Q115: 0 | R115: 0 | S115: 0 | T115: 1 | U115: 4
A116: =A115+1 -> 11 | C116: jaya prayoga | D116: laki laki | E116: 40633 | F116: =DATEDIF(E116,TODAY(),"y") -> 15 | G116: katinem | H116: Setiyo edi | I116: 0 | J116: 1 | K116: 0 | L116: 0 | M116: 0 | N116: 0 | O116: 0 | P116: 0 | Q116: 1 | R116: 0 | S116: 0 | T116: 0 | U116: =SUM(I116:T116) -> 2
...

Sheet KES SIP 6 KENANGA
A1: DATA PENGUNJUNG
B3: DESA : BUMI MAS
A4: NO | B4: BULAN | F4: JUMLAH PENGUNJUNG | AF4: JUMLAH PETUGAS YG HADIR | AL4: JUMLAH BAYI | AP4: KET
F5: B A L I T A | P5: ANAK USIA 6-15 TAHUN | T5: USIA PRODUKTIF | X5: LANSIA | AB5: WUS | AC5: IBU | AF5: KADER | AH5: PLKB | AJ5: MEDIS DAN PARA MEDIS | AL5: YANG LAHIR | AN5: MENINGGAL
F6: BAYI 0 - 12 BULAN | L6: BALITA 1-5 TAHUN | AC6: PUS | AD6: HAMIL | AE6: MENYUSUI
F7: BARU | I7: LAMA | K7: TOTAL | L7: BARU | N7: LAMA | P7: BARU | R7: LAMA | T7: BARU | V7: LAMA | X7: BARU | Z7: LAMA
F8: L | G8: P | I8: L | J8: P | L8: L | M8: P | N8: L | O8: P | P8: L | Q8: P | R8: L | S8: P | T8: L | U8: P | V8: L | W8: P | X8: L | Y8: P | Z8: L | AA8: P | AF8: L | AG8: P | AH8: L | AI8: P | AJ8: L | AK8: P | AL8: L | AM8: P | AN8: L | AO8: P
A9: 1 | B9: 2 | F9: 3 | G9: 4 | I9: 5 | J9: 6 | L9: 7 | M9: 8 | N9: 9 | O9: 10 | P9: 11 | Q9: 12 | R9: 13 | S9: 14 | T9: 15 | U9: 16 | V9: 17 | W9: 18 | X9: 19 | Y9: 20 | Z9: 21 | AA9: 22 | AB9: 23 | AC9: 24 | AD9: 25 | AE9: 26 | AF9: 27 | AG9: 28 | AH9: 29 | AI9: 30 | AJ9: 31 | AK9: 32 | AL9: 33 | AM9: 34 | AN9: 35 | AO9: 36 | AP9: 37
A10: 1 | B10: JANUARI | F10: 0 | G10: 0 | I10: =SUM(L50,L52,L56) -> 0 | J10: =SUM(L51,L53,L54,L55) -> 0 | K10: =SUM(F10:J10) -> 0 | L10: 0 | M10: =sum(L123) -> 0 | N10: =sum(L93,L95,L96,L103,L108,L109,L114,L116,L117,L120,L122) -> 7 | O10: =sum(L92,L94,L96,L97,L98,L99,L100,L101,L104,L105,L106,L107,L110,L112,L113,L115,L118,L119,L121,L123,L124,L125,L126,L127,L128) -> 15 | P10: =Sum(L215) -> 0 | Q10: =sum(L216) -> 0 | R10: =SUM(L149,L150,L152,L153,L154,L155,L156,L159,L160,L162,L164,L166,L167,L172,L173,L174,L175,L181,L184,L186,L190,L191,L192,L195,L197,L198,L199,L201,L203,L205,L206,L208,L209,L211,L214) -> 0 | S10: =SUM(L148,L151,L157,L158,L161,L163,L165,L168,L169,L170,L171,L176,L177,L178,L179,L180,L182,L183,L185,L187,L188,L189,L193,L194,L196,L200,L202,L204,L207,L210,L212,L213) -> 0
A11: 2 | B11: FEBRUARI | F11: 0 | G11: 0 | I11: =SUM(M50,M52,M56) -> 0 | J11: =SUM(M51,M53,M54,M55) -> 0 | K11: =SUM(F11:J11) -> 0 | L11: 0 | M11: 0 | N11: =sum(M93,M95,M96,M103,M108,M109,M114,M116,M117,M120,M122) -> 6 | O11: =sum(M92,M94,M96,M97,M98,M99,M100,M101,M104,M105,M106,M107,M110,M112,M113,M115,M118,M119,M121,M123,M124,M125,M126,M127,M128) -> 16 | P11: 0 | Q11: 0 | R11: =SUM(M149,M150,M152,M153,M154,M155,M156,M159,M160,M162,M164,M166,M167,M172,M173,M174,M175,M181,M184,M186,M190,M191,M192,M195,M197,M198,M199,M201,M203,M205,M206,M208,M209,M211,M214,M215) -> 0 | S11: =SUM(M148,M151,M157,M158,M161,M163,M165,M168,M169,M170,M171,M176,M177,M178,M179,M180,M182,M183,M185,M187,M188,M189,M193,M194,M196,M200,M202,M204,M207,M210,M212,M213,M216) -> 0
A12: 3 | B12: MARET | F12: =SUM(N50) -> 0 | G12: 0 | I12: =SUM(N52,N56) -> 0 | J12: =SUM(N51,N53,N54,N55) -> 0 | K12: =SUM(F12:J12) -> 0 | L12: 0 | M12: 0 | N12: =sum(N93,N95,N96,N103,N108,N109,N114,N116,N117,N120,N122) -> 8 | O12: =sum(N92,N94,N96,N97,N98,N99,N100,N101,N104,N105,N106,N107,N110,N112,N113,N115,N118,N119,N121,N123,N124,N125,N126,N127,N128) -> 15 | P12: 0 | Q12: 0 | R12: =SUM(N149,N150,N152,N153,N154,N155,N156,N159,N160,N162,N164,N166,N167,N172,N173,N174,N175,N181,N184,N186,N190,N191,N192,N195,N197,N198,N199,N201,N203,N205,N206,N208,N209,N211,N214,N215) -> 0 | S12: =SUM(N148,N151,N157,N158,N161,N163,N165,N168,N169,N170,N171,N176,N177,N178,N179,N180,N182,N183,N185,N187,N188,N189,N193,N194,N196,N200,N202,N204,N207,N210,N212,N213,N216) -> 0
A13: 4 | B13: APRIL | F13: =SUM(O52) -> 0 | G13: =SUM(O51,O53) -> 0 | I13: =SUM(O50) -> 0 | J13: =SUM(O54,O55) -> 0 | K13: =SUM(F13:J13) -> 0 | L13: 0 | M13: 0 | N13: =sum(O93,O95,O96,O103,O108,O109,O114,O116,O117,O120,O122) -> 9 | O13: =sum(O92,O94,O96,O97,O98,O99,O100,O101,O104,O105,O106,O107,O110,O112,O113,O115,O118,O119,O121,O123,O124,O125,O126,O127,O128) -> 14 | P13: 0 | Q13: =sum(O217) -> 0 | R13: =SUM(O149,O150,O152,O153,O154,O155,O156,O159,O160,O162,O164,O166,O167,O172,O173,O174,O175,O181,O184,O186,O190,O191,O192,O195,O197,O198,O199,O201,O203,O205,O206,O208,O209,O211,O214,O215) -> 0 | S13: =SUM(O148,O151,O157,O158,O161,O163,O165,O168,O169,O170,O171,O176,O177,O178,O179,O180,O182,O183,O185,O187,O188,O189,O193,O194,O196,O200,O202,O204,O207,O210,O212,O213,O216) -> 0
A14: 5 | B14: MEI | F14: 0 | G14: 0 | I14: =SUM(P50,P52,P56) -> 1 | J14: =SUM(P51,P53,P54,P55) -> 0 | K14: =SUM(F14:J14) -> 1 | L14: 0 | M14: =sum(P124,P125) -> 1 | N14: =sum(P93,P95,P96,P103,P108,P109,P114,P116,P117,P120,P122) -> 10 | O14: =sum(P92,P94,P96,P97,P98,P99,P100,P101,P104,P105,P106,P107,P110,P112,P113,P115,P118,P119,P121,P123,P124,P125,P126,P127,P128) -> 17 | P14: =Sum(P218,P219) -> 0 | Q14: 0 | R14: =SUM(P149,P150,P152,P153,P154,P155,P156,P159,P160,P162,P164,P166,P167,P172,P173,P174,P175,P181,P184,P186,P190,P191,P192,P195,P197,P198,P199,P201,P203,P205,P206,P208,P209,P211,P214,P215) -> 0 | S14: =SUM(P148,P151,P157,P158,P161,P163,P165,P168,P169,P170,P171,P176,P177,P178,P179,P180,P182,P183,P185,P187,P188,P189,P193,P194,P196,P200,P202,P204,P207,P210,P212,P213,P216,P217) -> 0
A15: 6 | B15: JUNI | F15: 0 | G15: =SUM(Q54) -> 0 | I15: =SUM(Q50,Q52,Q56) -> 1 | J15: =SUM(Q51,Q53,Q55) -> 0 | K15: =SUM(F15:J15) -> 1 | L15: 0 | M15: 0 | N15: =sum(Q93,Q95,Q96,Q103,Q108,Q109,Q114,Q116,Q117,Q120,Q122) -> 10 | O15: =sum(Q92,Q94,Q96,Q97,Q98,Q99,Q100,Q101,Q104,Q105,Q106,Q107,Q110,Q112,Q113,Q115,Q118,Q119,Q121,Q123,Q124,Q125,Q126,Q127,Q128) -> 17 | P15: =sum(Q220) -> 0 | Q15: 0 | R15: =SUM(Q149,Q150,Q152,Q153,Q154,Q155,Q156,Q159,Q160,Q162,Q164,Q166,Q167,Q172,Q173,Q174,Q175,Q181,Q184,Q186,Q190,Q191,Q192,Q195,Q197,Q198,Q199,Q201,Q203,Q205,Q206,Q208,Q209,Q211,Q214,Q215,Q218,Q219) -> 0 | S15: =SUM(Q148,Q151,Q157,Q158,Q161,Q163,Q165,Q168,Q169,Q170,Q171,Q176,Q177,Q178,Q179,Q180,Q182,Q183,Q185,Q187,Q188,Q189,Q193,Q194,Q196,Q200,Q202,Q204,Q207,Q210,Q212,Q213,Q216,Q217) -> 0
A16: 7 | B16: JULI | F16: 0 | G16: =SUM(R55) -> 0 | I16: =SUM(R50,R52,R56) -> 1 | J16: =SUM(R51,R53,R54) -> 1 | K16: =SUM(F16:J16) -> 2 | L16: 0 | M16: =sum(R126) -> 1 | N16: =sum(R93,R95,R96,R103,R108,R109,R114,R116,R117,R120,R122) -> 10 | O16: =sum(R92,R94,R96,R97,R98,R99,R100,R101,R104,R105,R106,R107,R110,R112,R113,R115,R118,R119,R121,R123,R124,R125,R126,R127,R128) -> 18 | P16: 0 | Q16: 0 | R16: =SUM(R149,R150,R152,R153,R154,R155,R156,R159,R160,R162,R164,R166,R167,R172,R173,R174,R175,R181,R184,R186,R190,R191,R192,R195,R197,R198,R199,R201,R203,R205,R206,R208,R209,R211,R214,R215,R218,R219,R220) -> 0 | S16: =SUM(R148,R151,R157,R158,R161,R163,R165,R168,R169,R170,R171,R176,R177,R178,R179,R180,R182,R183,R185,R187,R188,R189,R193,R194,R196,R200,R202,R204,R207,R210,R212,R213,R216,R217) -> 0
A17: 8 | B17: AGUSTUS | F17: 0 | G17: 0 | I17: =SUM(S50,S52,S56) -> 1 | J17: =SUM(S51,S53,S54,S55) -> 1 | K17: =SUM(F17:J17) -> 2 | L17: 0 | M17: 0 | N17: =SUM(S93,S95,S96,S103,S108,S109,S114,S116,S117,S120,S122) -> 9 | O17: =suM(S92,S94,S96,S97,S98,S99,S100,S101,S104,S105,S106,S107,S110,S112,S113,S115,S118,S119,S121,S123,S124,S125,S126,S127,S128) -> 15 | P17: 0 | Q17: 0 | R17: =SUM(S149,S150,S152,S153,S154,S155,S156,S159,S160,S162,S164,S166,S167,S172,S173,S174,S175,S181,S184,S186,S190,S191,S192,S195,S197,S198,S199,S201,S203,S205,S206,S208,S209,S211,S214,S215,S218,S219,S220) -> 0 | S17: =SUM(S148,S151,S157,S158,S161,S163,S165,S168,S169,S170,S171,S176,S177,S178,S179,S180,S182,S183,S185,S187,S188,S189,S193,S194,S196,S200,S202,S204,S207,S210,S212,S213,S216,S217) -> 0
A18: 9 | B18: SEPTEMBER | F18: =SUM(T56) -> 0 | G18: 0 | I18: =SUM(T50,T52) -> 2 | J18: =SUM(T51,T53,T54,T55) -> 1 | K18: =SUM(F18:J18) -> 3 | L18: 0 | M18: =sum(T127) -> 1 | N18: =suM(T93,T95,T96,T103,T108,T109,T114,T116,T117,T120,T122) -> 10 | O18: =suM(T92,T94,T96,T97,T98,T99,T100,T101,T104,T105,T106,T107,T110,T112,T113,T115,T118,T119,T121,T123,T124,T125,T126,T127,T128) -> 17 | P18: 0 | Q18: 0 | R18: =SUM(T149,T150,T152,T153,T154,T155,T156,T159,T160,T162,T164,T166,T167,T172,T173,T174,T175,T181,T184,T186,T190,T191,T192,T195,T197,T198,T199,T201,T203,T205,T206,T208,T209,T211,T214,T215,T218,T219,T220) -> 0 | S18: =SUM(T148,T151,T157,T158,T161,T163,T165,T168,T169,T170,T171,T176,T177,T178,T179,T180,T182,T183,T185,T187,T188,T189,T193,T194,T196,T200,T202,T204,T207,T210,T212,T213,T216,T217) -> 0
A19: 10 | B19: OKTOBER | F19: 0 | G19: 0 | I19: =SUM(U50,U52,U56) -> 2 | J19: =SUM(U51,U53,U54,U55) -> 1 | K19: =SUM(F19:J19) -> 3 | L19: 0 | M19: 0 | N19: =suM(U93,U95,U96,U103,U108,U109,U114,U116,U117,U120,U122) -> 10 | O19: =suM(U92,U94,U96,U97,U98,U99,U100,U101,U104,U105,U106,U107,U110,U112,U113,U115,U118,U119,U121,U123,U124,U125,U126,U127,U128) -> 15 | P19: 0 | Q19: =SUM(U221) -> 0 | R19: =SUM(U149,U150,U152,U153,U154,U155,U156,U159,U160,U162,U164,U166,U167,U172,U173,U174,U175,U181,U184,U186,U190,U191,U192,U195,U197,U198,U199,U201,U203,U205,U206,U208,U209,U211,U214,U215,U218,U219,U220) -> 0 | S19: =SUM(U148,U151,U157,U158,U161,U163,U165,U168,U169,U170,U171,U176,U177,U178,U179,U180,U182,U183,U185,U187,U188,U189,U193,U194,U196,U200,U202,U204,U207,U210,U212,U213,U216,U217) -> 0
A20: 11 | B20: NOVEMBER | F20: 0 | G20: 0 | I20: =SUM(V50,V52,V56) -> 2 | J20: =SUM(V51,V53,V54,V55) -> 1 | K20: =SUM(F20:J20) -> 3 | L20: 0 | M20: =sum(V128) -> 1 | N20: =suM(V93,V95,V96,V103,V108,V109,V114,V116,V117,V120,V122) -> 9 | O20: =suM(V92,V94,V96,V97,V98,V99,V100,V101,V104,V105,V106,V107,V110,V112,V113,V115,V118,V119,V121,V123,V124,V125,V126,V127,V128) -> 17 | P20: 0 | Q20: =SUM(V222) -> 0 | R20: =SUM(V149,V150,V152,V153,V154,V155,V156,V159,V160,V162,V164,V166,V167,V172,V173,V174,V175,V181,V184,V186,V190,V191,V192,V195,V197,V198,V199,V201,V203,V205,V206,V208,V209,V211,V214,V215,V218,V219,V220) -> 0 | S20: =SUM(V148,V151,V157,V158,V161,V163,V165,V168,V169,V170,V171,V176,V177,V178,V179,V180,V182,V183,V185,V187,V188,V189,V193,V194,V196,V200,V202,V204,V207,V210,V212,V213,V216,V217,V221) -> 0
A21: 12 | B21: DESEMBER | F21: 0 | G21: 0 | I21: =SUM(W50,W52,W56) -> 2 | J21: =SUM(W51,W53,W54,W55) -> 1 | K21: =SUM(F21:J21) -> 3 | L21: 0 | M21: 0 | N21: =suM(W93,W95,W96,W103,W108,W109,W114,W116,W117,W120,W122) -> 9 | O21: =suM(W92,W94,W96,W97,W98,W99,W100,W101,W104,W105,W106,W107,W110,W112,W113,W115,W118,W119,W121,W123,W124,W125,W126,W127,W128) -> 14 | P21: 0 | Q21: =SUM(W223) -> 0 | R21: =SUM(W149,W150,W152,W153,W154,W155,W156,W159,W160,W162,W164,W166,W167,W172,W173,W174,W175,W181,W184,W186,W190,W191,W192,W195,W197,W198,W199,W201,W203,W205,W206,W208,W209,W211,W214,W215,W218,W219,W220) -> 0 | S21: =SUM(W148,W151,W157,W158,W161,W163,W165,W168,W169,W170,W171,W176,W177,W178,W179,W180,W182,W183,W185,W187,W188,W189,W193,W194,W196,W200,W202,W204,W207,W210,W212,W213,W216,W217,W221,W222) -> 0
B22: TOTAL | F22: =SUM(F10:F21) -> 0 | G22: =SUM(G10:G21) -> 0 | I22: =SUM(I10:I21) -> 12 | J22: =SUM(J10:J21) -> 6 | K22: =SUM(K10:K21) -> 18 | L22: =SUM(L10:L21) -> 0 | M22: =SUM(M10:M21) -> 4 | N22: =SUM(N10:N21) -> 107 | O22: =SUM(O10:O21) -> 190 | P22: =SUM(P10:P21) -> 0 | ... S22: =SUM(S10:S21) -> 0
A24: DATA SASARAN KUNJUNGAN
A25: DESA : | B25: BUMI MAS
A26: TAHUN : | B26: 2025
A28: DATA SASARAN IBU HAMIL/NIFAS/MENYUSUI
A29: NO | B29: SASARAN IBU HAMIL/MENYUSUI | I29: USIA | J29: JUMLAH KUNJUNGAN DAN JUMLAH SASARAN IBU HAMIL/NIFAS/MENYUSUI
B30: NAMA IBU | F30: NAMA SUAMI | G30: NAMA BAYI | J30: JAN | K30: FEB | L30: MAR | M30: APR | N30: MEI | O30: JUN | P30: JUL | Q30: AGU | R30: SEP | S30: OKT | T30: NOV | U30: DES | V30: JUMLAH
A31: 1 | B31: 2 | F31: 3 | G31: 4 | J31: 5 | K31: 6 | L31: 7 | M31: 8 | N31: 9 | O31: 10 | P31: 11 | Q31: 12 | R31: 13 | S31: 14 | T31: 15 | U31: 16
A32: 1 | B32: Yayuk indiawati | F32: Supriono | G32: Kenzie alvaro devanka | J32: 1 | K32: 1 | L32: 1 | M32: 1 | N32: 1 | V32: =SUM(J32:U32) -> 5
A33: =A32+1 -> 2 | B33: Utari | F33: Doni kurniawan | G33: Handewon kurnia d | V33: =SUM(J33:U33) -> 0
A34: =A33+1 -> 3 | B34: Dinda yulia krisma | F34: Afrizal fakhri | G34: M elzavier khairan | V34: =SUM(J34:U34) -> 0
A35: =A34+1 -> 4 | B35: Putri septiana dewi | F35: Akhyar sochib | V35: =SUM(J35:U35) -> 0
A36: =A35+1 -> 5 | V36: =SUM(J36:U36) -> 0
A37: =A36+1 -> 6 | V37: =SUM(J37:U37) -> 0
A38: =A37+1 -> 7 | V38: =SUM(J38:U38) -> 0
A39: =A38+1 -> 8 | I39: =DATEDIF(G39,TODAY(),"y") -> 126 | V39: =SUM(J39:U39) -> 0
A40: JUMLAH | J40: =SUM(J32:J39) -> 1 | K40: =SUM(K32:K39) -> 1 | L40: =SUM(L32:L39) -> 1 | M40: =SUM(M32:M39) -> 1 | N40: =SUM(N32:N39) -> 1 | O40: =SUM(O32:O39) -> 0 | P40: =SUM(P32:P39) -> 0 | Q40: =SUM(Q32:Q39) -> 0 | ... V40: =SUM(V32:V39) -> 5
A46: DATA SASARAN BAYI (0-12 BULAN)
A47: NO | B47: NAMA BAYI/BALITA | F47: JENIS KELAMIN | G47: TANGGAL LAHIR | I47: USIA | J47: NAMA | L47: JUMLAH KUNJUNGAN DAN JUMLAH SASARAN BALITA BAYI 0-12 BULAN
J48: IBU | K48: AYAH | L48: JAN | M48: FEB | N48: MAR | O48: APR | P48: MEI | Q48: JUN | R48: JUL | S48: AGU | T48: SEP | U48: OKT | V48: NOV | W48: DES | X48: JUMLAH
A49: 1 | B49: 2 | F49: 3 | G49: 4 | J49: 5 | K49: 6 | L49: 7 | M49: 8 | N49: 9 | O49: 10 | P49: 11 | Q49: 12 | R49: 13 | S49: 14 | T49: 15 | U49: 16 | V49: 17 | W49: 18
A50: 1 | B50: Kenzie alvaro devanka | F50: Laki-laki | G50: 45757 | I50: =DATEDIF(G50,TODAY(),"ym") & "bulan" -> 2bulan | J50: Yayuk indiawati | K50: Supriono | P50: 1 | Q50: 1 | R50: 1 | S50: 1 | T50: 1 | U50: 1 | V50: 1 | W50: 1 | X50: =SUM(L50:W50) -> 8
A51: =A50+1 -> 2 | B51: Handewon kurnia devandra | F51: Laki-laki | G51: 45819 | I51: =DATEDIF(G51,TODAY(),"ym") & "bulan" -> 11bulan | J51: Utari | K51: Doni kurniawan | R51: 1 | S51: 1 | T51: 1 | U51: 1 | V51: 1 | W51: 1
A52: =A51+1 -> 3 | B52: M elzavir khairan | F52: Laki-laki | G52: 45872 | I52: =DATEDIF(G52,TODAY(),"ym") & "bulan" -> 10bulan | J52: Dinda yulia krisma | K52: Afrizal fakhri | T52: 1 | U52: 1 | V52: 1 | W52: 1
A53: =A52+1 -> 4
A54: =A53+1 -> 5
A55: =A54+1 -> 6
A56: =A55+1 -> 7
B57: Jumlah | L57: =SUM(L50:L56) -> 0 | M57: =SUM(M50:M56) -> 0 | N57: =SUM(N50:N56) -> 0 | O57: =SUM(O50:O56) -> 0 | P57: =SUM(P50:P56) -> 1 | Q57: =SUM(Q50:Q56) -> 1 | R57: =SUM(R50:R56) -> 2 | S57: =SUM(S50:S56) -> 2 | ... W57: =SUM(W50:W56) -> 3 | X57: =SUM(L57:W57) -> 18
A60: DATA SASARAN BALITA USIA 1-2TAHUN
A61: NO | B61: NAMA BAYI | F61: JENIS KELAMIN | G61: TANGGAL LAHIR | I61: USIA | J61: NAMA | L61: JUMLAH KUNJUNGAN DAN JUMLAH SASARAN BALITA 1-5 TAHUN
J62: IBU | K62: AYAH | L62: JAN | M62: FEB | N62: MAR | O62: APR | P62: MEI | Q62: JUN | R62: JUL | S62: AGU | T62: SEP | U62: OKT | V62: NOV | W62: DES | X62: JUMLAH
A63: 1 | B63: 2 | F63: 3 | G63: 4 | J63: 5 | K63: 6 | L63: 7 | M63: 8 | N63: 9 | O63: 10 | P63: 11 | Q63: 12 | R63: 13 | S63: 14 | T63: 15 | U63: 16 | V63: 17 | W63: 18
A64: 1 | B64: Hafizhan Fakhri anant | F64: laki laki | G64: 44961 | I64: 24 | J64: Hanafia indri | K64: muchtar khudori | L64: 1 | M64: 1 | N64: 1 | O64: 1 | P64: 1 | Q64: 1 | R64: 1 | S64: 1 | T64: 1 | U64: 1 | V64: 1 | W64: 1
A65: =A64+1 -> 2 | B65: Hanaya shafiya akhyar | F65: perempuan | G65: 44978 | I65: 24 | J65: Putri septiana dewi | K65: M. akhyar sohib | L65: 1 | M65: 1 | N65: 1 | O65: 1 | P65: 1 | Q65: 1 | R65: 1 | S65: 1 | T65: 1 | U65: 1 | V65: 1 | W65: 1
A66: =A65+1 -> 3 | B66: M. zhafir migunani | F66: laki laki | G66: 45086 | I66: 24 | J66: Anggia Dwi larasati | K66: Miftahul huda | L66: 1 | M66: 1 | N66: 1 | O66: 1 | P66: 1 | Q66: 1 | R66: 1 | S66: 1 | T66: 1 | U66: 1 | V66: 1 | W66: 0
A67: =A66+1 -> 4 | B67: Gibran gio saputra | F67: laki laki | G67: 45103 | I67: 24 | J67: Siti munawaroh | K67: anton juahiri | L67: 1 | M67: 1 | N67: 1 | O67: 1 | P67: 1 | Q67: 1 | R67: 1 | S67: 1 | T67: 1 | U67: 1 | V67: 1 | W67: 1
A68: =A67+1 -> 5 | B68: Alisha Inara wijaya | F68: perempuan | G68: 45122 | I68: 24 | J68: Irvan Kurnia wijaya | K68: khotimah | L68: 0 | M68: 0 | N68: 0 | O68: 0 | P68: 0 | Q68: 0 | R68: 0 | S68: 0 | T68: 0 | U68: 0 | V68: 0 | W68: 0
A69: =A68+1 -> 6 | B69: Alletha graziella prasetyo | F69: perempuan | G69: 45143 | I69: 24 | J69: arvi Puspita riani | K69: doni prasetyo | L69: 1 | M69: 1 | N69: 1 | O69: 1 | P69: 1 | Q69: 1 | R69: 1 | S69: 1 | T69: 1 | U69: 1 | V69: 1 | W69: 1
A70: 7 | B70: M. zayn ashraf | F70: laki laki | G70: 45194 | I70: 24 | J70: indah ayu | K70: galih prayoga | L70: 1 | M70: 1 | N70: 1 | O70: 1 | P70: 0 | Q70: 1 | R70: 1 | S70: 1 | T70: 1 | U70: 0 | V70: 1 | W70: 0
A71: 8 | B71: Komine zea taniya | F71: perempuan | G71: 45196 | I71: 24 | J71: Septi Dwi mahardika | K71: Komine takuya | L71: 0 | M71: 0 | N71: 0 | O71: 1 | P71: 1 | Q71: 1 | R71: 0 | S71: 1 | T71: 1 | U71: 1 | V71: 0 | W71: 1
A72: 9 | B72: M. khafi hamzah | F72: laki laki | G72: 45281 | I72: 24 | J72: Ulfa septianti | K72: M. nur hasan | L72: 1 | M72: 1 | N72: 1 | O72: 1 | P72: 1 | Q72: 0 | R72: 1 | S72: 1 | T72: 1 | U72: 1 | V72: 1 | W72: 1
A73: 10 | B73: Kiara fayola bernika | F73: perempuan | G73: 45297 | I73: 12 | J73: Ika septiana | K73: Nanang aji P | L73: 1 | M73: 1 | N73: 1 | O73: 1 | P73: 1 | Q73: 1 | R73: 1 | S73: 1 | T73: 1 | U73: 1 | V73: 1 | W73: 1
A74: 11 | B74: Jenisa arsyila nadhifa | F74: perempuan | G74: 45307 | I74: 12 | J74: yunia farantika | K74: M. fauzan | L74: 1 | M74: 1 | N74: 1 | O74: 1 | P74: 1 | Q74: 1 | R74: 1 | S74: 1 | T74: 1 | U74: 1 | V74: 1 | W74: 1
A75: 12 | B75: Lingga aji Al ramadhan | F75: laki laki | G75: 45382 | I75: 12 | J75: sulistiowati | K75: Nazarudin | L75: 1 | M75: 1 | N75: 1 | O75: 1 | P75: 1 | Q75: 1 | R75: 1 | S75: 1 | T75: 1 | U75: 1 | V75: 1 | W75: 1
A76: 13 | B76: Faeza Hana nirwasita k | F76: perempuan | G76: 45414 | I76: 12 | J76: Fadhilla Azhari | K76: yogha trismawan | L76: 1 | M76: 1 | N76: 1 | O76: 0 | P76: 1 | Q76: 1 | R76: 1 | S76: 1 | T76: 1 | U76: 1 | V76: 1 | W76: 1
A77: 14 | B77: Hasbiyan Chandra setiaji | F77: laki laki | G77: 45454 | I77: 12 | J77: Siti khomsatun | K77: Nanang setiaji | L77: 1 | M77: 1 | N77: 1 | O77: 1 | P77: 1 | Q77: 1 | R77: 1 | S77: 1 | T77: 1 | U77: 1 | V77: 1 | W77: 1
A78: 15 | B78: Novita Anggraeni | F78: perempuan | G78: 45511 | I78: 12 | J78: Wiwit saputri | K78: kurniawan | L78: 1 | M78: 1 | N78: 1 | O78: 1 | P78: 1 | Q78: 1 | R78: 1 | S78: 1 | T78: 1 | U78: 1 | V78: 1 | W78: 1
A79: 16 | B79: Nayla Azura agustina | F79: perempuan | G79: 45511 | I79: 12 | J79: Febi Antika sari | K79: Syaiful aziz | L79: 1 | M79: 1 | N79: 1 | O79: 1 | P79: 1 | Q79: 1 | R79: 1 | S79: 1 | T79: 1 | U79: 1 | V79: 1 | W79: 1
A80: 17 | B80: Nala aurora putri | F80: perempuan | G80: 45544 | I80: 12 | J80: eka siamini | K80: Triono | L80: 1 | M80: 1 | N80: 1 | O80: 1 | P80: 1 | Q80: 1 | R80: 1 | S80: 0 | T80: 1 | U80: 1 | V80: 0 | W80: 1
A81: 18 | B81: M. Taqa El fatih | F81: laki laki | G81: 45623 | I81: 12 | J81: eka reto priantari | K81: Husni tamrin | L81: 1 | M81: 1 | N81: 1 | O81: 1 | P81: 1 | Q81: 1 | R81: 1 | S81: 1 | T81: 1 | U81: 1 | V81: 1 | W81: 1
... A83: 20 | B83: Syafania ayu hanifa | F83: perempuan | G83: 45654 | I83: 12 | J83: Intan monika | K83: Riono Sofi novian | L83: 1 | M83: 1 | N83: 1 | O83: 1 | P83: 1 | Q83: 1 | R83: 1 | S83: 1 | T83: 1 | U83: 1 | V83: 1 | W83: 1
B84: Jumlah | L84: =SUM(L63:L69) -> 12 | M84: =SUM(M63:M69) -> 13 | N84: =SUM(N63:N69) -> 14 | O84: =SUM(O63:O69) -> 15 | P84: =SUM(P63:P69) -> 16 | Q84: =SUM(Q63:Q69) -> 17 | R84: =SUM(R63:R69) -> 18 | S84: =SUM(S63:S69) -> 19 | ... W84: =SUM(W63:W69) -> 22 | X84: =SUM(L84:W84) -> 209
A88: DATA SASARAN BALITA USIA 3-6TAHUN
A89: NO | B89: NAMA BALITA/PRA | F89: JENIS KELAMIN | G89: TANGGAL LAHIR | I89: USIA | J89: NAMA | L89: JUMLAH KUNJUNGAN DAN JUMLAH SASARAN BALITA 1-5 TAHUN
J90: IBU | K90: AYAH | L90: JAN | M90: FEB | N90: MAR | O90: APR | P90: MEI | Q90: JUN | R90: JUL | S90: AGU | T90: SEP | U90: OKT | V90: NOV | W90: DES | X90: JUMLAH
A91: 1 | B91: 2 | F91: 3 | G91: 4 | J91: 5 | K91: 6 | L91: 7 | M91: 8 | N91: 9 | O91: 10 | P91: 11 | Q91: 12 | R91: 13 | S91: 14 | T91: 15 | U91: 16 | V91: 17 | W91: 18
A92: 1 | B92: Arash algara kurniawan | F92: L | G92: 44791 | I92: =DATEDIF(G92,DATE(YEAR(TODAY())-1,12,31),"y") & "tahun" & DATEDIF(G92, today(), "ym") & "bulan" -> 3tahun9bulan | J92: Eka Yulianti | K92: Harjo Dinoto | L92: 0 | M92: 0 | N92: 1 | O92: 0 | P92: 0 | Q92: 0 | R92: 0 | S92: 0 | T92: 0 | U92: 0 | V92: 0 | W92: 0 | X92: =SUM(L92:W92) -> 1
A93: =A92+1 -> 2 | B93: Ayumna humaira yusuf | F93: P | G93: 44782 | I93: =DATEDIF(G93,DATE(YEAR(TODAY())-1,12,31),"y") & "tahun" & DATEDIF(G93, today(), "ym") & "bulan" -> 3tahun10bulan | J93: Anisa Hidayati | K93: Rendy abu yusuf | L93: 1 | M93: 0 | N93: 1 | O93: 1 | P93: 1 | Q93: 1 | R93: 1 | S93: 1 | T93: 1 | U93: 1 | V93: 1 | W93: 1 | X93: =SUM(L93:W93) -> 11
A94: =A93+1 -> 3 | B94: Faisal sofyan | F94: L | G94: 44882 | I94: =DATEDIF(G94,DATE(YEAR(TODAY())-1,12,31),"y") & "tahun" & DATEDIF(G94, today(), "ym") & "bulan" -> 3tahun6bulan | J94: Siti Fatimah | K94: Toni sofian | L94: 1 | M94: 1 | N94: 1 | O94: 1 | P94: 1 | Q94: 1 | R94: 1 | S94: 1 | T94: 1 | U94: 1 | V94: 1 | W94: 1 | X94: =SUM(L94:W94) -> 12
A95: =A94+1 -> 4 | B95: Azzahra libby fauqiyah | F95: P | G95: 44847 | I95: =DATEDIF(G95,DATE(YEAR(TODAY())-1,12,31),"y") & "tahun" & DATEDIF(G95, today(), "ym") & "bulan" -> 3tahun7bulan | J95: Ela trisniawati | K95: Feri oktara | L95: 0 | M95: 0 | N95: 0 | O95: 1 | P95: 1 | Q95: 1 | R95: 1 | S95: 1 | T95: 1 | U95: 1 | V95: 1 | W95: 1 | X95: =SUM(L95:W95) -> 9
A96: =A95+1 -> 5 | B96: Nabil gagah alvano | F96: L | G96: 44789 | I96: =DATEDIF(G96,DATE(YEAR(TODAY())-1,12,31),"y") & "tahun" & DATEDIF(G96, today(), "ym") & "bulan" -> 3tahun9bulan | J96: Lili sugiarti | K96: Saifudin | L96: 1 | M96: 1 | N96: 0 | O96: 0 | P96: 1 | Q96: 1 | R96: 1 | S96: 1 | T96: 1 | U96: 1 | V96: 0 | W96: 0 | X96: =SUM(L96:W96) -> 8
A97: =A96+1 -> 6 | B97: M atif aslam | F97: L | G97: 44600 | I97: =DATEDIF(G97,DATE(YEAR(TODAY())-1,12,31),"y") & "tahun" & DATEDIF(G97, today(), "ym") & "bulan" -> 3tahun4bulan | J97: Masniah yulianti | K97: Agus riyanto | L97: 0 | M97: 0 | N97: 0 | O97: 0 | P97: 0 | Q97: 0 | R97: 0 | S97: 0 | T97: 0 | U97: 0 | V97: 0 | W97: 0 | X97: =SUM(L97:W97) -> 0
A98: =A97+1 -> 7 | B98: Arshaka rafif arbinta | F98: L | G98: 44541 | I98: =DATEDIF(G98,DATE(YEAR(TODAY())-1,12,31),"y") & "tahun" & DATEDIF(G98, today(), "ym") & "bulan" -> 4tahun5bulan | J98: Nita desi susanti | K98: Sarbini | L98: 1 | M98: 1 | N98: 1 | O98: 0 | P98: 1 | Q98: 1 | R98: 1 | S98: 1 | T98: 1 | U98: 1 | V98: 1 | W98: 1 | X98: =SUM(L98:W98) -> 11
A99: =A98+1 -> 8 | B99: Alfino abhimana | F99: L | G99: 29/11/0201 | I99: =DATEDIF(G99,DATE(YEAR(TODAY())-1,12,31),"y") & "tahun" & DATEDIF(G99, today(), "ym") & "bulan" -> 1824tahun6bulan | J99: Hanny puji lestari | K99: Guruh purlawadi | L99: 1 | M99: 1 | N99: 1 | O99: 1 | P99: 1 | Q99: 0 | R99: 1 | S99: 0 | T99: 1 | U99: 0 | V99: 1 | W99: 1 | X99: =SUM(L99:W99) -> 9
A100: =A99+1 -> 9 | B100: Kaka dwi saputra | F100: L | G100: 44465 | I100: =DATEDIF(G100,DATE(YEAR(TODAY())-1,12,31),"y") & "tahun" & DATEDIF(G100, today(), "ym") & "bulan" -> 4tahun8bulan | J100: Fitriyani | K100: Suselo | L100: 1 | M100: 1 | N100: 1 | O100: 1 | P100: 1 | Q100: 1 | R100: 1 | S100: 1 | T100: 1 | U100: 1 | V100: 1 | W100: 0 | X100: =SUM(L100:W100) -> 11
A101: =A100+1 -> 10 | B101: Johan prayoga | F101: L | G101: 44457 | I101: =DATEDIF(G101,DATE(YEAR(TODAY())-1,12,31),"y") & "tahun" & DATEDIF(G101, today(), "ym") & "bulan" -> 4tahun8bulan | J101: Yeyen novita santi | K101: Wawan irmawan | L101: 0 | M101: 1 | N101: 1 | O101: 1 | P101: 0 | Q101: 1 | R101: 1 | S101: 1 | T101: 1 | U101: 1 | V101: 1 | W101: 1 | X101: =SUM(L101:W101) -> 10
A102: 11 | B102: Yazid misbahul umam | F102: L | G102: 44412 | I102: =DATEDIF(G102,DATE(YEAR(TODAY())-1,12,31),"y") & "tahun" & DATEDIF(G102, today(), "ym") & "bulan" -> 4tahun10bulan | J102: Fasichah | K102: Syaiful anam | L102: 1 | M102: 1 | N102: 1 | O102: 1 | P102: 0 | Q102: 0 | R102: 1 | S102: 1 | T102: 1 | U102: 1 | V102: 1 | W102: 1
A103: 12 | B103: M baha azzami | F103: L | G103: 44385 | I103: =DATEDIF(G103,DATE(YEAR(TODAY())-1,12,31),"y") & "tahun" & DATEDIF(G103, today(), "ym") & "bulan" -> 4tahun11bulan | J103: Eka retno priantari | K103: M husni thamrin | L103: 0 | M103: 0 | N103: 1 | O103: 1 | P103: 1 | Q103: 1 | R103: 1 | S103: 0 | T103: 1 | U103: 1 | V103: 1 | W103: 1 | X103: =SUM(L103:W103) -> 9
A104: 13 | B104: Cinta salsabila putri | F104: P | G104: 44435 | I104: =DATEDIF(G104,DATE(YEAR(TODAY())-1,12,31),"y") & "tahun" & DATEDIF(G104, today(), "ym") & "bulan" -> 4tahun9bulan | J104: Eka siamini | K104: Triono | L104: 0 | M104: 0 | N104: 0 | O104: 0 | P104: 0 | Q104: 0 | R104: 0 | S104: 0 | T104: 0 | U104: 0 | V104: 0 | W104: 0 | X104: =SUM(L104:W104) -> 0
A105: 14 | B105: Adinda faridatul ghania | F105: P | G105: 44334 | I105: =DATEDIF(G105,DATE(YEAR(TODAY())-1,12,31),"y") & "tahun" & DATEDIF(G105, today(), "ym") & "bulan" -> 4tahun0bulan | J105: Indah ayu N | K105: Galih prayoga | L105: 1 | M105: 1 | N105: 0 | O105: 0 | P105: 1 | Q105: 1 | R105: 1 | S105: 1 | T105: 1 | U105: 1 | V105: 1 | W105: 1 | X105: =SUM(L105:W105) -> 10
A106: =A105+1 -> 15 | B106: Dania arumi nasha | F106: P | G106: 44332 | I106: =DATEDIF(G106,DATE(YEAR(TODAY())-1,12,31),"y") & "tahun" & DATEDIF(G106, today(), "ym") & "bulan" -> 4tahun0bulan | J106: Siti nurohma | K106: Fandi saputra | L106: 1 | M106: 1 | N106: 1 | O106: 1 | P106: 1 | Q106: 1 | R106: 1 | S106: 1 | T106: 1 | U106: 1 | V106: 1 | W106: 1 | X106: =SUM(L106:W106) -> 12
A107: =A106+1 -> 16 | B107: Reanita wulandari | F107: P | G107: 44137 | I107: =DATEDIF(G107,DATE(YEAR(TODAY())-1,12,31),"y") & "tahun" & DATEDIF(G107, today(), "ym") & "bulan" -> 5tahun7bulan | J107: Fransisca reni W | K107: Regal setiawan | L107: 0 | M107: 0 | N107: 0 | O107: 0 | P107: 0 | Q107: 0 | R107: 0 | S107: 0 | T107: 0 | U107: 0 | V107: 0 | W107: 0 | X107: =SUM(L107:W107) -> 0
A108: =A107+1 -> 17 | B108: Maulida alwiyah | F108: P | G108: 44136 | I108: =DATEDIF(G108,DATE(YEAR(TODAY())-1,12,31),"y") & "tahun" & DATEDIF(G108, today(), "ym") & "bulan" -> 5tahun7bulan | J108: Rohyati | K108: Saifudin | L108: 1 | M108: 1 | N108: 1 | O108: 1 | P108: 1 | Q108: 1 | R108: 1 | S108: 1 | T108: 1 | U108: 1 | V108: 1 | W108: 1 | X108: =SUM(L108:W108) -> 12
A109: =A108+1 -> 18 | B109: Rumaisha salsabila | F109: P | G109: 44107 | I109: =DATEDIF(G109,DATE(YEAR(TODAY())-1,12,31),"y") & "tahun" & DATEDIF(G109, today(), "ym") & "bulan" -> 5tahun8bulan | J109: Ita susilowati | K109: Ruhyat | L109: 1 | M109: 1 | N109: 1 | O109: 1 | P109: 1 | Q109: 1 | R109: 1 | S109: 1 | T109: 1 | U109: 1 | V109: 1 | W109: 1 | X109: =SUM(L109:W109) -> 12
A110: =A109+1 -> 19 | B110: Ashab dhaffa alhanan | F110: L | G110: 44071 | I110: =DATEDIF(G110,DATE(YEAR(TODAY())-1,12,31),"y") & "tahun" & DATEDIF(G110, today(), "ym") & "bulan" -> 5tahun9bulan | J110: Rumiati | K110: Rohani | L110: 1 | M110: 0 | N110: 1 | O110: 1 | P110: 1 | Q110: 1 | R110: 1 | S110: 0 | T110: 0 | U110: 0 | V110: 1 | W110: 1 | X110: =SUM(L110:W110) -> 8
A111: 20 | B111: Hanaya agnia azwa | F111: P | G111: 44080 | J111: Utari | K111: Doni kurniawan | L111: 0 | M111: 0 | N111: 1 | O111: 1 | P111: 1 | Q111: 1 | R111: 1 | S111: 1 | T111: 1 | U111: 1 | V111: 1 | W111: 1
A112: 21 | B112: Hawa medina | F112: P | G112: 44043 | I112: =DATEDIF(G112,DATE(YEAR(TODAY())-1,12,31),"y") & "tahun" & DATEDIF(G112, today(), "ym") & "bulan" -> 5tahun10bulan | J112: Ulfa septianti | K112: M nur hasan | L112: 1 | M112: 1 | N112: 1 | O112: 1 | P112: 1 | Q112: 1 | R112: 1 | S112: 1 | T112: 1 | U112: 1 | V112: 1 | W112: 1 | X112: =SUM(L112:W112) -> 12
A113: =A112+1 -> 22 | B113: Fanya auristela | F113: P | G113: 44022 | I113: =DATEDIF(G113,DATE(YEAR(TODAY())-1,12,31),"y") & "tahun" & DATEDIF(G113, today(), "ym") & "bulan" -> 5tahun11bulan | J113: Septi ariyanti | K113: Widianto | L113: 1 | M113: 1 | N113: 1 | O113: 1 | P113: 1 | Q113: 1 | R113: 1 | S113: 1 | T113: 1 | U113: 1 | V113: 1 | W113: 1 | X113: =SUM(L113:W113) -> 12
A114: =A113+1 -> 23 | B114: M raka ramadhan | F114: L | G114: 43960 | I114: =DATEDIF(G114,DATE(YEAR(TODAY())-1,12,31),"y") & "tahun" & DATEDIF(G114, today(), "ym") & "bulan" -> 5tahun1bulan | J114: Vida masruroh | K114: M ihsom | L114: 1 | M114: 1 | N114: 1 | O114: 1 | P114: 1 | Q114: 1 | R114: 1 | S114: 1 | T114: 1 | U114: 1 | V114: 1 | W114: 1 | X114: =SUM(L114:W114) -> 12
...

Sheet Sheet14

Sheet KES SIP 6 DAHLIA
A1: DATA PENGUNJUNG
B3: DESA : BUMI MAS
A4: NO | B4: BULAN | C4: JUMLAH PENGUNJUNG | AB4: JUMLAH PETUGAS YG HADIR | AH4: JUMLAH BAYI | AL4: KET
C5: B A L I T A | L5: ANAK USIA 6-15 TAHUN | P5: USIA PRODUKTIF | T5: LANSIA | X5: WUS | Y5: IBU | AB5: KADER | AD5: PLKB | AF5: MEDIS DAN PARA MEDIS | AH5: YANG LAHIR | AJ5: MENINGGAL
C6: BAYI 0 - 12 BULAN | H6: BALITA 1-5 TAHUN | Y6: PUS | Z6: HAMIL | AA6: MENYUSUI
C7: BARU | E7: LAMA | G7: TOTAL | H7: BARU | J7: LAMA | L7: BARU | N7: LAMA | P7: BARU | R7: LAMA | T7: BARU | V7: LAMA
C8: L | D8: P | E8: L | F8: P | H8: L | I8: P | J8: L | K8: P | L8: L | M8: P | N8: L | O8: P | P8: L | Q8: P | R8: L | S8: P | T8: L | U8: P | V8: L | W8: P | AB8: L | AC8: P | AD8: L | AE8: P | AF8: L | AG8: P | AH8: L | AI8: P | AJ8: L | AK8: P
A9: 1 | B9: 2 | C9: 3 | D9: 4 | E9: 5 | F9: 6 | H9: 7 | I9: 8 | J9: 9 | K9: 10 | L9: 11 | M9: 12 | N9: 13 | O9: 14 | P9: 15 | Q9: 16 | R9: 17 | S9: 18 | T9: 19 | U9: 20 | V9: 21 | W9: 22 | X9: 23 | Y9: 24 | Z9: 25 | AA9: 26 | AB9: 27 | AC9: 28 | AD9: 29 | AE9: 30 | AF9: 31 | AG9: 32 | AH9: 33 | AI9: 34 | AJ9: 35 | AK9: 36 | AL9: 37
A10: 1 | B10: JANUARI | C10: 0 | D10: 0 | E10: =SUM(H71,H73,H77) -> 0 | F10: =SUM(H72,H74,H75,H76) -> 0 | G10: =SUM(C10:F10) -> 0 | H10: 0 | I10: =sum(H137) -> 0 | J10: =sum(H90,H92,H93,H99,H118,H119,H128,H130,H131,H134,H136) -> 4 | K10: =sum(H89,H91,H93,H94,H95,H96,H97,H98,H100,H101,H113,H114,H120,H121,H127,H129,H132,H133,H135,H137,H138,H139,H140,H141,H142) -> 10 | L10: =Sum(H218) -> 0 | M10: =sum(H219) -> 0 | N10: =SUM(H150,H151,H153,H154,H155,H156,H158,H162,H163,H165,H167,H169,H170,H175,H176,H177,H178,H184,H187,H189,H193,H194,H195,H198,H200,H201,H202,H204,H206,H208,H209,H211,H212,H214,H217) -> 0 | O10: =SUM(H149,H152,H160,H161,H164,H166,H168,H171,H172,H173,H174,H179,H180,H181,H182,H183,H185,H186,H188,H190,H191,H192,H196,H197,H199,H203,H205,H207,H210,H213,H215,H216) -> 0
A11: 2 | B11: FEBRUARI | C11: 0 | D11: 0 | E11: =SUM(I71,I73,I77) -> 0 | F11: =SUM(I72,I74,I75,I76) -> 0 | G11: =SUM(C11:F11) -> 0 | H11: 0 | I11: 0 | J11: =sum(I90,I92,I93,I99,I118,I119,I128,I130,I131,I134,I136) -> 4 | K11: =sum(I89,I91,I93,I94,I95,I96,I97,I98,I100,I101,I113,I114,I120,I121,I127,I129,I132,I133,I135,I137,I138,I139,I140,I141,I142) -> 10 | L11: 0 | M11: 0 | N11: =SUM(I150,I151,I153,I154,I155,I156,I158,I162,I163,I165,I167,I169,I170,I175,I176,I177,I178,I184,I187,I189,I193,I194,I195,I198,I200,I201,I202,I204,I206,I208,I209,I211,I212,I214,I217,I218) -> 0 | O11: =SUM(I149,I152,I160,I161,I164,I166,I168,I171,I172,I173,I174,I179,I180,I181,I182,I183,I185,I186,I188,I190,I191,I192,I196,I197,I199,I203,I205,I207,I210,I213,I215,I216,I219) -> 0
A12: 3 | B12: MARET | C12: =SUM(J71) -> 0 | D12: 0 | E12: =SUM(J73,J77) -> 0 | F12: =SUM(J72,J74,J75,J76) -> 0 | G12: =SUM(C12:F12) -> 0 | H12: 0 | I12: 0 | J12: =sum(J90,J92,J93,J99,J118,J119,J128,J130,J131,J134,J136) -> 4 | K12: =sum(J89,J91,J93,J94,J95,J96,J97,J98,J100,J101,J113,J114,J120,J121,J127,J129,J132,J133,J135,J137,J138,J139,J140,J141,J142) -> 10 | L12: 0 | M12: 0 | N12: =SUM(J150,J151,J153,J154,J155,J156,J158,J162,J163,J165,J167,J169,J170,J175,J176,J177,J178,J184,J187,J189,J193,J194,J195,J198,J200,J201,J202,J204,J206,J208,J209,J211,J212,J214,J217,J218) -> 0 | O12: =SUM(J149,J152,J160,J161,J164,J166,J168,J171,J172,J173,J174,J179,J180,J181,J182,J183,J185,J186,J188,J190,J191,J192,J196,J197,J199,J203,J205,J207,J210,J213,J215,J216,J219) -> 0
A13: 4 | B13: APRIL | C13: 1 | D13: =SUM(K72,K74) -> 0 | E13: =SUM(K71) -> 0 | F13: =SUM(K75,K76) -> 0 | G13: =SUM(C13:F13) -> 1 | H13: 0 | I13: 0 | J13: =sum(K90,K92,K93,K99,K118,K119,K128,K130,K131,K134,K136) -> 4 | K13: =sum(K89,K91,K93,K94,K95,K96,K97,K98,K100,K101,K113,K114,K120,K121,K127,K129,K132,K133,K135,K137,K138,K139,K140,K141,K142) -> 10 | L13: 0 | M13: =sum(K220) -> 0 | N13: =SUM(K150,K151,K153,K154,K155,K156,K158,K162,K163,K165,K167,K169,K170,K175,K176,K177,K178,K184,K187,K189,K193,K194,K195,K198,K200,K201,K202,K204,K206,K208,K209,K211,K212,K214,K217,K218) -> 0 | O13: =SUM(K149,K152,K160,K161,K164,K166,K168,K171,K172,K173,K174,K179,K180,K181,K182,K183,K185,K186,K188,K190,K191,K192,K196,K197,K199,K203,K205,K207,K210,K213,K215,K216,K219) -> 0
A14: 5 | B14: MEI | C14: 0 | D14: 0 | E14: 1 | F14: 0 | G14: =SUM(C14:F14) -> 1 | H14: 0 | I14: =sum(L138,L139) -> 0 | J14: =sum(L90,L92,L93,L99,L118,L119,L128,L130,L131,L134,L136) -> 4 | K14: =sum(L89,L91,L93,L94,L95,L96,L97,L98,L100,L101,L113,L114,L120,L121,L127,L129,L132,L133,L135,L137,L138,L139,L140,L141,L142) -> 10 | L14: =Sum(L221,L222) -> 0 | M14: 0 | N14: =SUM(L150,L151,L153,L154,L155,L156,L158,L162,L163,L165,L167,L169,L170,L175,L176,L177,L178,L184,L187,L189,L193,L194,L195,L198,L200,L201,L202,L204,L206,L208,L209,L211,L212,L214,L217,L218) -> 0 | O14: =SUM(L149,L152,L160,L161,L164,L166,L168,L171,L172,L173,L174,L179,L180,L181,L182,L183,L185,L186,L188,L190,L191,L192,L196,L197,L199,L203,L205,L207,L210,L213,L215,L216,L219,L220) -> 0
A15: 6 | B15: JUNI | C15: 0 | D15: =SUM(M75) -> 0 | E15: 1 | F15: 0 | G15: =SUM(C15:F15) -> 1 | H15: 0 | I15: 0 | J15: =sum(M90,M92,M93,M99,M118,M119,M128,M130,M131,M134,M136) -> 4 | K15: =sum(M89,M91,M93,M94,M95,M96,M97,M98,M100,M101,M113,M114,M120,M121,M127,M129,M132,M133,M135,M137,M138,M139,M140,M141,M142) -> 10 | L15: =sum(M223) -> 0 | M15: 0 | N15: =SUM(M150,M151,M153,M154,M155,M156,M158,M162,M163,M165,M167,M169,M170,M175,M176,M177,M178,M184,M187,M189,M193,M194,M195,M198,M200,M201,M202,M204,M206,M208,M209,M211,M212,M214,M217,M218,M221,M222) -> 0 | O15: =SUM(M149,M152,M160,M161,M164,M166,M168,M171,M172,M173,M174,M179,M180,M181,M182,M183,M185,M186,M188,M190,M191,M192,M196,M197,M199,M203,M205,M207,M210,M213,M215,M216,M219,M220) -> 0
A16: 7 | B16: JULI | C16: 0 | D16: =SUM(N76) -> 0 | E16: 1 | F16: 0 | G16: =SUM(C16:F16) -> 1 | H16: 0 | I16: =sum(N140) -> 0 | J16: =sum(N90,N92,N93,N99,N118,N119,N128,N130,N131,N134,N136) -> 4 | K16: =sum(N89,N91,N93,N94,N95,N96,N97,N98,N100,N101,N113,N114,N120,N121,N127,N129,N132,N133,N135,N137,N138,N139,N140,N141,N142) -> 10 | L16: 0 | M16: 0 | N16: =SUM(N150,N151,N153,N154,N155,N156,N158,N162,N163,N165,N167,N169,N170,N175,N176,N177,N178,N184,N187,N189,N193,N194,N195,N198,N200,N201,N202,N204,N206,N208,N209,N211,N212,N214,N217,N218,N221,N222,N223) -> 0 | O16: =SUM(N149,N152,N160,N161,N164,N166,N168,N171,N172,N173,N174,N179,N180,N181,N182,N183,N185,N186,N188,N190,N191,N192,N196,N197,N199,N203,N205,N207,N210,N213,N215,N216,N219,N220) -> 0
A17: 8 | B17: AGUSTUS | C17: 2 | D17: 0 | E17: 1 | F17: 0 | G17: =SUM(C17:F17) -> 3 | H17: 0 | I17: 0 | J17: =SUM(O90,O92,O93,O99,O118,O119,O128,O130,O131,O134,O136) -> 4 | K17: =suM(O89,O91,O93,O94,O95,O96,O97,O98,O100,O101,O113,O114,O120,O121,O127,O129,O132,O133,O135,O137,O138,O139,O140,O141,O142) -> 10 | L17: 0 | M17: 0 | N17: =SUM(O150,O151,O153,O154,O155,O156,O158,O162,O163,O165,O167,O169,O170,O175,O176,O177,O178,O184,O187,O189,O193,O194,O195,O198,O200,O201,O202,O204,O206,O208,O209,O211,O212,O214,O217,O218,O221,O222,O223) -> 0 | O17: =SUM(O149,O152,O160,O161,O164,O166,O168,O171,O172,O173,O174,O179,O180,O181,O182,O183,O185,O186,O188,O190,O191,O192,O196,O197,O199,O203,O205,O207,O210,O213,O215,O216,O219,O220) -> 0
A18: 9 | B18: SEPTEMBER | C18: =SUM(P77) -> 0 | D18: 1 | E18: 3 | F18: 0 | G18: =SUM(C18:F18) -> 4 | H18: 0 | I18: =sum(P141) -> 0 | J18: =suM(P90,P92,P93,P99,P118,P119,P128,P130,P131,P134,P136) -> 4 | K18: =suM(P89,P91,P93,P94,P95,P96,P97,P98,P100,P101,P113,P114,P120,P121,P127,P129,P132,P133,P135,P137,P138,P139,P140,P141,P142) -> 10 | L18: 0 | M18: 0 | N18: =SUM(P150,P151,P153,P154,P155,P156,P158,P162,P163,P165,P167,P169,P170,P175,P176,P177,P178,P184,P187,P189,P193,P194,P195,P198,P200,P201,P202,P204,P206,P208,P209,P211,P212,P214,P217,P218,P221,P222,P223) -> 0 | O18: =SUM(P149,P152,P160,P161,P164,P166,P168,P171,P172,P173,P174,P179,P180,P181,P182,P183,P185,P186,P188,P190,P191,P192,P196,P197,P199,P203,P205,P207,P210,P213,P215,P216,P219,P220) -> 0
A19: 10 | B19: OKTOBER | C19: 0 | D19: 0 | E19: 3 | F19: 1 | G19: =SUM(C19:F19) -> 4 | H19: 0 | I19: 0 | J19: =suM(Q90,Q92,Q93,Q99,Q118,Q119,Q128,Q130,Q131,Q134,Q136) -> 4 | K19: =suM(Q89,Q91,Q93,Q94,Q95,Q96,Q97,Q98,Q100,Q101,Q113,Q114,Q120,Q121,Q127,Q129,Q132,Q133,Q135,Q137,Q138,Q139,Q140,Q141,Q142) -> 10 | L19: 0 | M19: =SUM(Q224) -> 0 | N19: =SUM(Q150,Q151,Q153,Q154,Q155,Q156,Q158,Q162,Q163,Q165,Q167,Q169,Q170,Q175,Q176,Q177,Q178,Q184,Q187,Q189,Q193,Q194,Q195,Q198,Q200,Q201,Q202,Q204,Q206,Q208,Q209,Q211,Q212,Q214,Q217,Q218,Q221,Q222,Q223) -> 0 | O19: =SUM(Q149,Q152,Q160,Q161,Q164,Q166,Q168,Q171,Q172,Q173,Q174,Q179,Q180,Q181,Q182,Q183,Q185,Q186,Q188,Q190,Q191,Q192,Q196,Q197,Q199,Q203,Q205,Q207,Q210,Q213,Q215,Q216,Q219,Q220) -> 0
A20: 11 | B20: NOVEMBER | C20: 0 | D20: 0 | E20: 3 | F20: 1 | G20: =SUM(C20:F20) -> 4 | H20: 0 | I20: =sum(R142) -> 0 | J20: =suM(R90,R92,R93,R99,R118,R119,R128,R130,R131,R134,R136) -> 4 | K20: =suM(R89,R91,R93,R94,R95,R96,R97,R98,R100,R101,R113,R114,R120,R121,R127,R129,R132,R133,R135,R137,R138,R139,R140,R141,R142) -> 10 | L20: 0 | M20: =SUM(R225) -> 0 | N20: =SUM(R150,R151,R153,R154,R155,R156,R158,R162,R163,R165,R167,R169,R170,R175,R176,R177,R178,R184,R187,R189,R193,R194,R195,R198,R200,R201,R202,R204,R206,R208,R209,R211,R212,R214,R217,R218,R221,R222,R223) -> 0 | O20: =SUM(R149,R152,R160,R161,R164,R166,R168,R171,R172,R173,R174,R179,R180,R181,R182,R183,R185,R186,R188,R190,R191,R192,R196,R197,R199,R203,R205,R207,R210,R213,R215,R216,R219,R220,R224) -> 0
A21: 12 | B21: DESEMBER | C21: 2 | D21: 0 | E21: 0 | F21: 1 | G21: =SUM(C21:F21) -> 3 | H21: 0 | I21: 0 | J21: =suM(S90,S92,S93,S99,S118,S119,S128,S130,S131,S134,S136) -> 4 | K21: =suM(S89,S91,S93,S94,S95,S96,S97,S98,S100,S101,S113,S114,S120,S121,S127,S129,S132,S133,S135,S137,S138,S139,S140,S141,S142) -> 10 | L21: 0 | M21: =SUM(S226) -> 0 | N21: =SUM(S150,S151,S153,S154,S155,S156,S158,S162,S163,S165,S167,S169,S170,S175,S176,S177,S178,S184,S187,S189,S193,S194,S195,S198,S200,S201,S202,S204,S206,S208,S209,S211,S212,S214,S217,S218,S221,S222,S223) -> 0 | O21: =SUM(S149,S152,S160,S161,S164,S166,S168,S171,S172,S173,S174,S179,S180,S181,S182,S183,S185,S186,S188,S190,S191,S192,S196,S197,S199,S203,S205,S207,S210,S213,S215,S216,S219,S220,S224,S225) -> 0
B22: TOTAL | C22: =SUM(C10:C21) -> 5 | D22: =SUM(D10:D21) -> 1 | E22: =SUM(E10:E21) -> 13 | F22: =SUM(F10:F21) -> 3 | G22: =SUM(G10:G21) -> 22 | H22: =SUM(H10:H21) -> 0 | I22: =SUM(I10:I21) -> 0 | J22: =SUM(J10:J21) -> 48 | ... O22: =SUM(O10:O21) -> 0
A24: DATA SASARAN KUNJUNGAN
A25: DESA : | B25: BUMI MAS
A26: TAHUN : | B26: 2025
A28: DATA SASARAN IBU HAMIL/NIFAS/MENYUSUI
A29: NO | B29: SASARAN IBU HAMIL/MENYUSUI | E29: Tanggal Lahir | F29: JUMLAH KUNJUNGAN DAN JUMLAH SASARAN IBU HAMIL/NIFAS/MENYUSUI
B30: NAMA IBU | C30: NAMA SUAMI | D30: NAMA BAYI | F30: JAN | G30: FEB | H30: MAR | I30: APR | J30: MEI | K30: JUN | L30: JUL | M30: AGU | N30: SEP | O30: OKT | P30: NOV | Q30: DES | R30: JUMLAH
A31: 1 | B31: 2 | C31: 3 | D31: 4 | F31: 5 | G31: 6 | H31: 7 | I31: 8 | J31: 9 | K31: 10 | L31: 11 | M31: 12 | N31: 13 | O31: 14 | P31: 15 | Q31: 16
A32: 1 | B32: Rilliana Suci Lestari | C32: Arif Wicaksono | D32: - | F32: 0 | G32: 0 | H32: 0 | I32: 0 | J32: 1 | K32: 0 | L32: 0 | M32: 1 | N32: 0 | O32: 1 | P32: 1 | Q32: 0 | R32: 4
A33: 2 | B33: Niken Andriani | C33: Frenky jakaria | D33: Muhammad Azam Ghazy | E33: 46007 | F33: 0 | G33: 0 | H33: 0 | I33: 0 | J33: 0 | K33: 0 | L33: 0 | M33: 0 | N33: 0 | O33: 0 | P33: 0 | Q33: 0 | R33: =SUM(F33:Q33) -> 0
A34: 3 | B34: Laelatul Qodariah | C34: Wahyu Prasetyo | D34: Bilal Arshaka Prastyo | E34: 45995 | F34: 0 | G34: 0 | H34: 0 | I34: 0 | J34: 0 | K34: 0 | L34: 0 | M34: 0 | N34: 0 | O34: 0 | P34: 0 | Q34: 0 | R34: =SUM(F34:Q34) -> 0
A35: 4 | B35: Selvi Yundasari | C35: Budi Susilo | D35: Rezqiana Shakiera Zahbia | E35: 45456 | F35: 1 | G35: 1 | H35: 1 | I35: 1 | J35: 1 | K35: 1 | L35: 1 | M35: 0 | N35: 1 | O35: 1 | P35: 1 | Q35: 1 | R35: 11
A36: 5 | B36: Ernella Muhsanti | C36: Yuda Prasetya | D36: Genanzio Mehan Prasetya | E36: 45411 | F36: 1 | G36: 1 | H36: 1 | I36: 1 | J36: 1 | K36: 1 | L36: 1 | M36: 1 | N36: 1 | O36: 1 | P36: 1 | Q36: 1 | R36: 12
A37: 6 | B37: Fenti Farida | C37: DWi Ardian Prabowo | D37: Naura Zefanya Ramlan | E37: 45626 | F37: 1 | G37: 1 | H37: 1 | I37: 1 | J37: 1 | K37: 1 | L37: 1 | M37: 1 | N37: 1 | O37: 1 | P37: 1 | Q37: 1 | R37: 12
A38: 7 | B38: Fenti Farida | C38: DWi Ardian Prabowo | D38: Naira Kayla Ramlan | E38: 45626 | F38: 1 | G38: 1 | H38: 1 | I38: 1 | J38: 1 | K38: 1 | L38: 1 | M38: 1 | N38: 1 | O38: 1 | P38: 1 | Q38: 1 | R38: 12
A39: 8 | B39: Rima Nevita | C39: Bayu Hermawan | D39: - | F39: 0 | G39: 0 | H39: 0 | I39: 0 | J39: 0 | K39: 1 | L39: 1 | M39: 0 | N39: 1 | O39: 0 | P39: 0 | Q39: 0 | R39: =SUM(F39:Q39) -> 3
A40: 9 | B40: Yeni Irawati | C40: Muhammad Fahrurozy | D40: - | F40: 0 | G40: 0 | H40: 0 | I40: 1 | J40: 1 | K40: 1 | L40: 0 | M40: 0 | N40: 1 | O40: 0 | P40: 0 | Q40: 0 | R40: =SUM(F40:Q40) -> 4
A41: 10 | B41: Deni Astutik | C41: Yudi Yanto | D41: Elbarra Rygananta | E41: 45898 | F41: 0 | G41: 0 | H41: 0 | I41: 0 | J41: 0 | K41: 0 | L41: 0 | M41: 0 | N41: 1 | O41: 1 | P41: 1 | Q41: 1 | R41: =SUM(F41:Q41) -> 4
A42: 11 | B42: Siti Rohmah | C42: Musana Ardika | D42: Nada Almahira Qirani | F42: 1 | G42: 1 | H42: 1 | I42: 1 | J42: 1 | K42: 1 | L42: 1 | M42: 1 | N42: 1 | O42: 1 | P42: 1 | Q42: 1 | R42: =SUM(F42:Q42) -> 12
A43: 12 | B43: Siti Nur Salamah | C43: Qoirul Anam | D43: Amera Zoya Annaila | F43: 1 | G43: 1 | H43: 1 | I43: 1 | J43: 1 | K43: 1 | L43: 1 | M43: 1 | N43: 1 | O43: 1 | P43: 1 | Q43: 1 | R43: =SUM(F43:Q43) -> 12
A44: 13 | B44: Nurmala | C44: Mariyono | D44: Garvi Sultan Aghastya | E44: 45225 | F44: 1 | G44: 1 | H44: 1 | I44: 1 | J44: 1 | K44: 1 | L44: 1 | M44: 1 | N44: 0 | O44: 0 | P44: 1 | Q44: 1 | R44: 10
A45: 14 | B45: Esni Sinta Dewi | C45: Asep Winoto | D45: Kinanti Alana Rizqiyara | E45: 45627 | F45: 1 | G45: 1 | H45: 1 | I45: 1 | J45: 1 | K45: 1 | L45: 1 | M45: 1 | N45: 1 | O45: 1 | P45: 1 | Q45: 1 | R45: 12
A46: 15 | B46: Bella Franciska | C46: Ravi Dinnanshinwani | D46: Mikhayla Livia Aras Hinwa
A47: 16 | B47: Deka Aristantia | C47: Vinchen Valentino | D47: Gwen Isabel Vionita | E47: 45505 | F47: 1 | G47: 1 | H47: 1 | I47: 1 | J47: 1 | K47: 1 | L47: 1 | M47: 1 | N47: 1 | O47: 1 | P47: 1 | Q47: 1 | R47: 12
A48: 17 | B48: Eka SEtiawati | C48: Sugeng Pramono | D48: Lucia Zeaafzena | E48: 45636 | F48: 1 | G48: 1 | H48: 1 | I48: 1 | J48: 1 | K48: 1 | L48: 1 | M48: 1 | N48: 1 | O48: 1 | P48: 1 | Q48: 1 | R48: 12
A49: 18 | B49: Susi Rahayu | C49: Jeffri Pratomo | D49: Zulfikar Aditya Pratomo | E49: 45107 | F49: 1 | G49: 1 | H49: 1 | I49: 1 | J49: 1 | K49: 1 | L49: 1 | M49: 1 | N49: 1 | O49: 1 | P49: 1 | Q49: 1 | R49: 12
A50: 19 | B50: Dhea Sefi Anasya | C50: Affief Purwanto | D50: Miyuki Asa Kanesya | E50: 45800 | F50: 0 | G50: 0 | H50: 0 | I50: 0 | J50: 0 | K50: 0 | L50: 1 | M50: 1 | N50: 1 | O50: 1 | P50: 1 | Q50: 1 | R50: 6
A51: 20 | B51: Mukti Utari | C51: Rifki Efendi | D51: Zevallo Revan Varendra
A52: 21 | B52: Firda Marlinda | C52: Ambiyah | D52: Devanka Keizan Zin | E52: 45930 | F52: 0 | G52: 0 | H52: 0 | I52: 0 | J52: 0 | K52: 0 | L52: 0 | M52: 0 | N52: 0 | O52: 0 | P52: 1 | Q52: 1 | R52: 2
A53: 22 | B53: Suci Rahmawati | C53: Imam Rifai | D53: Fahel Alfarez Rifai | E53: 45080 | F53: 1 | G53: 1 | H53: 1 | I53: 1 | J53: 1 | K53: 1 | L53: 1 | M53: 1 | N53: 1 | O53: 1 | P53: 1 | Q53: 1 | R53: 12
A54: 23 | B54: Suci Rahmawati | C54: Imam Rifai | D54: Fisya Fayeeza Rifai | E54: 45788 | F54: 0 | G54: 0 | H54: 0 | I54: 0 | J54: 0 | K54: 1 | L54: 1 | M54: 1 | N54: 1 | O54: 1 | P54: 1 | Q54: 1 | R54: 7
A55: 24 | B55: Dwi Desti Rahayu | C55: Febri Hartono | D55: Ebra Abgari Zufar | E55: 45563 | F55: 1 | G55: 1 | H55: 1 | I55: 1 | J55: 1 | K55: 1 | L55: 1 | M55: 1 | N55: 1 | O55: 1 | P55: 1 | Q55: 1 | R55: 12
A56: 25 | B56: Liana Fajarani | C56: M. Aynul Firmansyah | D56: Gala Nadhif Al Ghiffari | E56: 45771 | F56: 0 | G56: 0 | H56: 0 | I56: 0 | J56: 0 | K56: 1 | L56: 1 | M56: 1 | N56: 1 | O56: 1 | P56: 1 | Q56: 1 | R56: 7
A57: 26 | B57: Jumilah | C57: Gesang Kurniawan | D57: Daffa Aryasatya Hafidzuan | E57: 45900 | F57: 0 | G57: 0 | H57: 0 | I57: 0 | J57: 0 | K57: 0 | L57: 0 | M57: 0 | N57: 0 | O57: 1 | P57: 1 | Q57: 1 | R57: 3
A61: JUMLAH | F61: =Sum(F32:F57) -> 13 | G61: =Sum(G32:G57) -> 13 | H61: =Sum(H32:H57) -> 13 | I61: =sum(I32:I57) -> 14 | J61: =Sum(J32:J57) -> 15 | K61: =Sum(K32:K57) -> 17 | L61: =Sum(M32:M57) -> 16 | M61: =sum(N5:N32) -> 26 | N61: =sum(N32:N57) -> 18 | O61: =sum(O32:O57) -> 18 | P61: =sum(P32:P57) -> 20 | Q61: =sum(Q32:Q57) -> 19 | R61: =sum(R32:R57) -> 193
A67: DATA SASARAN BAYI (0-12 BULAN)
A68: NO | B68: NAMA BAYI/BALITA | C68: JENIS KELAMIN | D68: TANGGAL LAHIR | E68: USIA | F68: NAMA | H68: JUMLAH KUNJUNGAN DAN JUMLAH SASARAN BALITA BAYI 0-12 BULAN
F69: IBU | G69: AYAH | H69: JAN | I69: FEB | J69: MAR | K69: APR | L69: MEI | M69: JUN | N69: JUL | O69: AGU | P69: SEP | Q69: OKT | R69: NOV | S69: DES | T69: JUMLAH
A70: 1 | B70: 2 | C70: 3 | D70: 4 | F70: 5 | G70: 6 | H70: 7 | I70: 8 | J70: 9 | K70: 10 | L70: 11 | M70: 12 | N70: 13 | O70: 14 | P70: 15 | Q70: 16 | R70: 17 | S70: 18
A71: 1 | B71: Elbarra Reygananta | C71: LAKI-LAKI | D71: 45898 | E71: 0tahun4bulan | F71: Deni astuti | G71: Yudi Yanto | H71: 0 | I71: 0 | J71: 0 | K71: 0 | L71: 0 | M71: 0 | N71: 0 | O71: 0 | P71: 1 | Q71: 1 | R71: 1 | S71: 1 | T71: 4
A72: 2 | B72: Gala Nadhif al Ghiffari | C72: LAKI-LAKI | D72: 45771 | E72: 0tahun8bulan | F72: Liana Fajarani | G72: Mohammad aynul Firmansyah | H72: 0 | I72: 0 | J72: 0 | K72: 0 | L72: 1 | M72: 1 | N72: 1 | O72: 1 | P72: 1 | Q72: 1 | R72: 1 | S72: 1 | T72: 8
A73: 3 | B73: Daffa Aryasatya Hafidzuan | C73: LAKI-LAKI | D73: 45900 | E73: 0tahun4bulan | F73: Jumilah | G73: Gesang Kurniawan | H73: 0 | I73: 0 | J73: 0 | K73: 0 | L73: 0 | M73: 0 | N73: 0 | O73: 0 | P73: 1 | Q73: 1 | R73: 1 | S73: 1 | T73: 4
A74: 4 | B74: Devanka Keizan Zein | C74: PEREMPUAN | D74: 45930 | E74: 0tahun3bulan | F74: Firda Marlinda | G74: Ambiyah | H74: 0 | I74: 0 | J74: 0 | K74: 0 | L74: 0 | M74: 0 | N74: 0 | O74: 0 | P74: 0 | Q74: 1 | R74: 1 | S74: 1 | T74: 3
A75: 5 | B75: Bilal Arshaka Prasetyo | C75: LAKI-LAKI | D75: 45995 | E75: 0tahun0bulan | F75: Laelatul Qodariah | G75: Wahyu Prasetyo | H75: 0 | I75: 0 | J75: 0 | K75: 0 | L75: 0 | M75: 0 | N75: 0 | O75: 0 | P75: 0 | Q75: 0 | R75: 0 | S75: 0 | T75: 0
A76: 6 | B76: Muhammad Azam Ghazy | C76: LAKI-LAKI | D76: 46007 | E76: 0tahun0bulan | F76: Niken Andriani | G76: Frenky Zakariya | H76: 0 | I76: 0 | J76: 0 | K76: 0 | L76: 0 | M76: 0 | N76: 0 | O76: 0 | P76: 0 | Q76: 0 | R76: 0 | S76: 0 | T76: 0
B80: Jumlah | H80: =SUM(H71:H77) -> 0 | I80: =SUM(I71:I77) -> 0 | J80: =SUM(J71:J77) -> 0 | K80: =SUM(K71:K77) -> 0 | L80: =SUM(L71:L77) -> 1 | M80: =SUM(M71:M77) -> 1 | N80: =SUM(N71:N77) -> 1 | O80: =SUM(O71:O77) -> 1 | ... S80: =SUM(S71:S77) -> 4 | T80: =SUM(H80:S80) -> 19
A83: DATA SASARAN BALITA USIA 1-2TAHUN
A84: NO | B84: NAMA BAYI | C84: JENIS KELAMIN | D84: TANGGAL LAHIR | E84: USIA | F84: NAMA | H84: JUMLAH KUNJUNGAN DAN JUMLAH SASARAN BALITA 1-5 TAHUN
F85: IBU | G85: AYAH | H85: JAN | I85: FEB | J85: MAR | K85: APR | L85: MEI | M85: JUN | N85: JUL | O85: AGU | P85: SEP | Q85: OKT | R85: NOV | S85: DES | T85: JUMLAH
A86: 1 | B86: 2 | C86: 3 | D86: 4 | F86: 5 | G86: 6 | H86: 7 | I86: 8 | J86: 9 | K86: 10 | L86: 11 | M86: 12 | N86: 13 | O86: 14 | P86: 15 | Q86: 16 | R86: 17 | S86: 18
A87: 1 | B87: Miyuki Asa Kenesya | C87: PEREMPUAN | D87: 45800 | E87: 1tahun1bulan | F87: Dhea Sevi Anasya | G87: Affief Purwanto | H87: 1 | I87: 1 | J87: 1 | K87: 1 | L87: 1 | M87: 1 | N87: 1 | O87: 1 | P87: 1 | Q87: 1 | R87: 1 | S87: 1 | T87: 12
A88: 2 | B88: Feisya Fayeeza Rifai | C88: PEREMPUAN | D88: 45788 | E88: 1tahun1bulan | F88: Suci Rahmawati | G88: Imam Rifai | H88: 1 | I88: 1 | J88: 1 | K88: 1 | L88: 1 | M88: 1 | N88: 1 | O88: 1 | P88: 1 | Q88: 1 | R88: 1 | S88: 1 | T88: 12
A89: 3 | B89: Rezqiana Shakiera Zahbia | C89: Perempuan | D89: 45456 | E89: =DATEDIF(D89,DATE(YEAR(TODAY())-1,12,31),"y") & "tahun" & DATEDIF(D89, today(), "ym") & "bulan" -> 1tahun11bulan | F89: SELVI YUNDASARI | G89: BUDI SUSILO | H89: 1 | I89: 1 | J89: 1 | K89: 1 | L89: 1 | M89: 1 | N89: 1 | O89: 1 | P89: 1 | Q89: 1 | R89: 1 | S89: 1 | T89: =SUM(H89:S89) -> 12
A90: 4 | B90: Ebra Abgari Zufar | C90: Laki-Laki | D90: 45563 | E90: =DATEDIF(D90,DATE(YEAR(TODAY())-1,12,31),"y") & "tahun" & DATEDIF(D90, today(), "ym") & "bulan" -> 1tahun8bulan | F90: DWI DESTI RAHAYU | G90: FEBRI HARTONO | H90: 1 | I90: 1 | J90: 1 | K90: 1 | L90: 1 | M90: 1 | N90: 1 | O90: 1 | P90: 1 | Q90: 1 | R90: 1 | S90: 1 | T90: =SUM(H90:S90) -> 12
A91: 5 | B91: Genanzio Mehan Prasetya | C91: Laki-Laki | D91: 45411 | E91: =DATEDIF(D91,DATE(YEAR(TODAY())-1,12,31),"y") & "tahun" & DATEDIF(D91, today(), "ym") & "bulan" -> 1tahun1bulan | F91: Ernela Muhsanti | G91: Yuda prasetya | H91: 1 | I91: 1 | J91: 1 | K91: 1 | L91: 1 | M91: 1 | N91: 1 | O91: 1 | P91: 1 | Q91: 1 | R91: 1 | S91: 1 | T91: =SUM(H91:S91) -> 12
A92: 6 | B92: Gwen Isabel Vionita | C92: Perempuan | D92: 45505 | E92: =DATEDIF(D92,DATE(YEAR(TODAY())-1,12,31),"y") & "tahun" & DATEDIF(D92, today(), "ym") & "bulan" -> 1tahun10bulan | F92: Deka Aristantia | G92: Vinchen Valentino | H92: 1 | I92: 1 | J92: 1 | K92: 1 | L92: 1 | M92: 1 | N92: 1 | O92: 1 | P92: 1 | Q92: 1 | R92: 1 | S92: 1 | T92: =SUM(H92:S92) -> 12
A93: 7 | B93: Lucia Zea Afzena | C93: Perempuan | D93: 45636 | E93: =DATEDIF(D93,DATE(YEAR(TODAY())-1,12,31),"y") & "tahun" & DATEDIF(D93, today(), "ym") & "bulan" -> 1tahun6bulan | F93: Eka Setiawati | G93: Sugeng Pramono | H93: 1 | I93: 1 | J93: 1 | K93: 1 | L93: 1 | M93: 1 | N93: 1 | O93: 1 | P93: 1 | Q93: 1 | R93: 1 | S93: 1 | T93: =SUM(H93:S93) -> 12
A94: 8 | B94: Naura Zefanya Ramelan | C94: Perempuan | D94: 45626 | E94: =DATEDIF(D94,DATE(YEAR(TODAY())-1,12,31),"y") & "tahun" & DATEDIF(D94, today(), "ym") & "bulan" -> 1tahun6bulan | F94: Fenti Farida | G94: Dwi Ardiyan Prabowo | H94: 1 | I94: 1 | J94: 1 | K94: 1 | L94: 1 | M94: 1 | N94: 1 | O94: 1 | P94: 1 | Q94: 1 | R94: 1 | S94: 1 | T94: =SUM(H94:S94) -> 12
A95: =A94+1 -> 9 | B95: Naira Keyla Ramelan | C95: Perempuan | D95: 45626 | E95: =DATEDIF(D95,DATE(YEAR(TODAY())-1,12,31),"y") & "tahun" & DATEDIF(D95, today(), "ym") & "bulan" -> 1tahun6bulan | F95: Fenti Farida | G95: Dwi Ardiyan Prabowo | H95: 1 | I95: 1 | J95: 1 | K95: 1 | L95: 1 | M95: 1 | N95: 1 | O95: 1 | P95: 1 | Q95: 1 | R95: 1 | S95: 1 | T95: =SUM(H95:S95) -> 12
A96: =A95+1 -> 10 | B96: Kinanti Alana Risqiara | C96: PEREMPUAN | D96: 45627 | E96: =DATEDIF(D96,DATE(YEAR(TODAY())-1,12,31),"y") & "tahun" & DATEDIF(D96, today(), "ym") & "bulan" -> 1tahun6bulan | F96: Esni Sinta Dewi | G96: Asep Winoto | H96: 1 | I96: 1 | J96: 1 | K96: 1 | L96: 1 | M96: 1 | N96: 1 | O96: 1 | P96: 1 | Q96: 1 | R96: 1 | S96: 1 | T96: =SUM(H96:S96) -> 12
A97: =A96+1 -> 11 | B97: Faheel Alfarez Rifai | C97: LAKI-LAKI | D97: 45080 | E97: =DATEDIF(D97,DATE(YEAR(TODAY())-1,12,31),"y") & "tahun" & DATEDIF(D97, today(), "ym") & "bulan" -> 2tahun0bulan | F97: Suci Rahmawati | G97: Imam Rifai | H97: 1 | I97: 1 | J97: 1 | K97: 1 | L97: 1 | M97: 1 | N97: 1 | O97: 1 | P97: 1 | Q97: 1 | R97: 1 | S97: 1 | T97: =SUM(H97:S97) -> 12
A98: =A97+1 -> 12 | B98: Garvi Sultan Aghasya | C98: LAKI-LAKI | D98: 45225 | E98: =DATEDIF(D98,DATE(YEAR(TODAY())-1,12,31),"y") & "tahun" & DATEDIF(D98, today(), "ym") & "bulan" -> 2tahun7bulan | F98: Nurmala | G98: Mariono | H98: 1 | I98: 1 | J98: 1 | K98: 1 | L98: 1 | M98: 1 | N98: 1 | O98: 1 | P98: 1 | Q98: 1 | R98: 1 | S98: 1 | T98: =SUM(H98:S98) -> 12
A99: =A98+1 -> 13 | B99: Gavino Abheiseva | C99: LAKI-LAKI | D99: 45012 | E99: =DATEDIF(D99,DATE(YEAR(TODAY())-1,12,31),"y") & "tahun" & DATEDIF(D99, today(), "ym") & "bulan" -> 2tahun2bulan | F99: Yulina Nova Arbaiti | G99: Hendri Fidayat | H99: 1 | I99: 1 | J99: 1 | K99: 1 | L99: 1 | M99: 1 | N99: 1 | O99: 1 | P99: 1 | Q99: 1 | R99: 1 | S99: 1 | T99: =SUM(H99:S99) -> 12
A100: =A99+1 -> 14 | B100: Nabel Ejas Fazli | C100: LAKI-LAKI | D100: 44938 | E100: =DATEDIF(D100,DATE(YEAR(TODAY())-1,12,31),"y") & "tahun" & DATEDIF(D100, today(), "ym") & "bulan" -> 2tahun4bulan | F100: Erma Yanti | G100: Rahmat Widodo | H100: 1 | I100: 1 | J100: 1 | K100: 1 | L100: 1 | M100: 1 | N100: 1 | O100: 1 | P100: 1 | Q100: 1 | R100: 1 | S100: 1 | T100: =SUM(H100:S100) -> 12
A101: =A100+1 -> 15 | B101: Zulfikar Aditya Pratomo | C101: LAKI-LAKI | D101: 45107 | E101: =DATEDIF(D101,DATE(YEAR(TODAY())-1,12,31),"y") & "tahun" & DATEDIF(D101, today(), "ym") & "bulan" -> 2tahun11bulan | F101: Susi Rahayu | G101: Jeffri Pratomo | H101: 1 | I101: 1 | J101: 1 | K101: 1 | L101: 1 | M101: 1 | N101: 1 | O101: 1 | P101: 1 | Q101: 1 | R101: 1 | S101: 1 | T101: =SUM(H101:S101) -> 12
A102: =A101+1 -> 16 | B102: Nirandjana Ryola Asmara | C102: Perempuan | D102: 45253 | E102: =DATEDIF(D102,DATE(YEAR(TODAY())-1,12,31),"y") & "tahun" & DATEDIF(D102, today(), "ym") & "bulan" -> 2tahun6bulan | F102: Frensi Utami | G102: Windu | H102: 1 | I102: 1 | J102: 1 | K102: 1 | L102: 1 | M102: 1 | N102: 1 | O102: 1 | P102: 1 | Q102: 1 | R102: 1 | S102: 1 | T102: 12
A103: =A102+1 -> 17 | B103: Kainuna Aizha Amsa | C103: Perempuan | D103: 45174 | E103: =DATEDIF(D103,DATE(YEAR(TODAY())-1,12,31),"y") & "tahun" & DATEDIF(D103, today(), "ym") & "bulan" -> 2tahun9bulan | H103: 1 | I103: 1 | J103: 1 | K103: 1 | L103: 1 | M103: 1 | N103: 1 | O103: 1 | P103: 1 | Q103: 1 | R103: 1 | S103: 1 | T103: 12
B106: Jumlah | H106: =SUM(H86:H94) -> 15 | I106: =SUM(I86:I94) -> 16 | J106: =SUM(J86:J94) -> 17 | K106: =SUM(K86:K94) -> 18 | L106: =SUM(L86:L94) -> 19 | M106: =SUM(M86:M94) -> 20 | N106: =SUM(N86:N94) -> 21 | O106: =SUM(O86:O94) -> 22 | ... S106: =SUM(S86:S94) -> 26 | T106: =SUM(H106:S106) -> 246
A108: DATA SASARAN BALITA USIA 3-6TAHUN
A109: NO | B109: NAMA BALITA/PRA | C109: JENIS KELAMIN | D109: TANGGAL LAHIR | E109: USIA | F109: NAMA | H109: JUMLAH KUNJUNGAN DAN JUMLAH SASARAN BALITA 1-5 TAHUN
F110: IBU | G110: AYAH | H110: JAN | I110: FEB | J110: MAR | K110: APR | L110: MEI | M110: JUN | N110: JUL | O110: AGU | P110: SEP | Q110: OKT | R110: NOV | S110: DES | T110: JUMLAH
A111: 1 | B111: 2 | C111: 3 | D111: 4 | E111: 5 | F111: 6 | G111: 7 | H111: 8 | I111: 9 | J111: 10 | K111: 11 | L111: 12 | M111: 13 | N111: 14 | O111: 15 | P111: 16 | Q111: 17 | R111: 18 | S111: 19 | T111: 20
A112: 1 | B112: Alif Dylan Arraji | C112: LAKI-LAKI | D112: 44916 | E112: =DATEDIF(D112,DATE(YEAR(TODAY())-1,12,31),"y") & "tahun" & DATEDIF(D112, today(), "ym") & "bulan" -> 3tahun5bulan | F112: Firda Marlinda | G112: Ambiyah
A113: =A112+1 -> 2 | B113: Kayla Nadhifa Almaira | C113: PEREMPUAN | D113: 44610 | E113: =DATEDIF(D113,DATE(YEAR(TODAY())-1,12,31),"y") & "tahun" & DATEDIF(D113, today(), "ym") & "bulan" -> 3tahun3bulan | F113: Sulistiawati | G113: Andi Suryanto | T113: =SUM(H113:S113) -> 0
A114: =A113+1 -> 3 | B114: Muhammad Syakhi Alfarizi | C114: LAKI-LAKI | D114: 44886 | E114: =DATEDIF(D114,DATE(YEAR(TODAY())-1,12,31),"y") & "tahun" & DATEDIF(D114, today(), "ym") & "bulan" -> 3tahun6bulan | F114: Dewi Khabsah | G114: Dimas Anugrah Yonanda | T114: =SUM(H114:S114) -> 0
A115: =A114+1 -> 4 | B115: Mikayla Khanza Azzahra | C115: PEREMPUAN | D115: 44729 | E115: =DATEDIF(D115,DATE(YEAR(TODAY())-1,12,31),"y") & "tahun" & DATEDIF(D115, today(), "ym") & "bulan" -> 3tahun11bulan | F115: Nurfadilatut Diniah Jafis | G115: Handoko Itikadi
A116: =A115+1 -> 5 | B116: Hanna Altafia | C116: PEREMPUAN | D116: 44849 | E116: =DATEDIF(D116,DATE(YEAR(TODAY())-1,12,31),"y") & "tahun" & DATEDIF(D116, today(), "ym") & "bulan" -> 3tahun7bulan | F116: Umi Faijah | G116: Septa
A117: =A116+1 -> 6 | B117: Namia Dhakiatul Karima | C117: PEREMPUAN | D117: 44775 | E117: =DATEDIF(D117,DATE(YEAR(TODAY())-1,12,31),"y") & "tahun" & DATEDIF(D117, today(), "ym") & "bulan" -> 3tahun10bulan | F117: Nicka Sofiani | G117: Rahmat Hidayat
A118: =A117+1 -> 7 | B118: Faizar Ghifari Wicaksono | C118: LAKI-LAKI | D118: 44562 | E118: =DATEDIF(D118,DATE(YEAR(TODAY())-1,12,31),"y") & "tahun" & DATEDIF(D118, today(), "ym") & "bulan" -> 3tahun5bulan | F118: Rilian Suci Lestari | G118: Arief Wicaksono | T118: =SUM(H118:S118) -> 0
A119: =A118+1 -> 8 | B119: Arsenio Aboard Zhafran | C119: LAKI-LAKI | D119: 44245 | E119: =DATEDIF(D119,DATE(YEAR(TODAY())-1,12,31),"y") & "tahun" & DATEDIF(D119, today(), "ym") & "bulan" -> 4tahun3bulan | F119: Mei Herniawati | G119: Adi Julianto | T119: =SUM(H119:S119) -> 0
...

Sheet KES SIP 6 MELATI
A1: DATA PENGUNJUNG
A3: DESA | B3: : BUMI MAS
A4: NO | B4: BULAN | C4: JUMLAH PENGUNJUNG | AB4: JUMLAH PETUGAS YG HADIR | AH4: JUMLAH BAYI | AL4: KET
C5: B A L I T A | L5: ANAK USIA 6-15 TAHUN | P5: USIA PRODUKTIF | T5: LANSIA | X5: WUS | Y5: IBU | AB5: KADER | AD5: PLKB | AF5: MEDIS DAN PARA MEDIS | AH5: YANG LAHIR | AJ5: MENINGGAL
C6: BAYI 0 - 12 BULAN | H6: BALITA 1-5 TAHUN | Y6: PUS | Z6: HAMIL | AA6: MENYUSUI
C7: BARU | E7: LAMA | G7: TOTAL | H7: BARU | J7: LAMA | L7: BARU | N7: LAMA | P7: BARU | R7: LAMA | T7: BARU | V7: LAMA
C8: L | D8: P | E8: L | F8: P | H8: L | I8: P | J8: L | K8: P | L8: L | M8: P | N8: L | O8: P | P8: L | Q8: P | R8: L | S8: P | T8: L | U8: P | V8: L | W8: P | AB8: L | AC8: P | AD8: L | AE8: P | AF8: L | AG8: P | AH8: L | AI8: P | AJ8: L | AK8: P
A9: 1 | B9: 2 | C9: 3 | D9: 4 | E9: 5 | F9: 6 | H9: 7 | I9: 8 | J9: 9 | K9: 10 | L9: 11 | M9: 12 | N9: 13 | O9: 14 | P9: 15 | Q9: 16 | R9: 17 | S9: 18 | T9: 19 | U9: 20 | V9: 21 | W9: 22 | X9: 23 | Y9: 24 | Z9: 25 | AA9: 26 | AB9: 27 | AC9: 28 | AD9: 29 | AE9: 30 | AF9: 31 | AG9: 32 | AH9: 33 | AI9: 34 | AJ9: 35 | AK9: 36 | AL9: 37
A10: 1 | B10: JANUARI | C10: 0 | D10: 0 | E10: =SUM(H69,H71,H75) -> 0 | F10: =SUM(H66:H68) -> 3 | G10: =SUM(C10:F10) -> 3 | H10: 0 | I10: =sum(H91) -> 1 | J10: =sum(H108,H110,H111,H117,H122,H123,H82,H84,H85,H88,H90) -> 8 | K10: =sum(H107,H109,H111,H112,H113,H114,H115,H116,H118,H119,H120,H121,H124,H125,H126,H83,H86,H87,H89,H91,H92,H93,H66,H67,H68) -> 14 | L10: =Sum(H201) -> 1 | M10: =sum(H202) -> 1 | N10: =SUM(H135,H136,H138,H139,H140,H141,H142,H145,H146,H148,H150,H152,H153,H158,H159,H160,H161,H167,H170,H172,H176,H177,H178,H181,H183,H184,H185,H187,H189,H191,H192,H194,H195,H197,H200) -> 2 | O10: =SUM(H134,H137,H143,H144,H147,H149,H151,H154,H155,H156,H157,H162,H163,H164,H165,H166,H168,H169,H171,H173,H174,H175,H179,H180,H182,H186,H188,H190,H193,H196,H198,H199) -> 2 | T10: 0 | U10: 0 | V10: 22 | W10: 7 | X10: 173 | Y10: 121 | Z10: =A55 -> 23
A11: 2 | B11: FEBRUARI | C11: 0 | D11: 0 | E11: =SUM(I69,I71,I75) -> 0 | F11: =sum(I66:I68) -> 3 | G11: =SUM(C11:F11) -> 3 | H11: 0 | I11: 0 | J11: =sum(I108,I110,I111,I117,I122,I123,I82,I84,I85,I88,I90) -> 6 | K11: =sum(I107,I109,I111,I112,I113,I114,I115,I116,I118,I119,I120,I121,I124,I125,I126,I83,I86,I87,I89,I91,I92,I93,I66,I67,I68) -> 16 | L11: 0 | M11: 0 | N11: =SUM(I135,I136,I138,I139,I140,I141,I142,I145,I146,I148,I150,I152,I153,I158,I159,I160,I161,I167,I170,I172,I176,I177,I178,I181,I183,I184,I185,I187,I189,I191,I192,I194,I195,I197,I200,I201) -> 2 | O11: =SUM(I134,I137,I143,I144,I147,I149,I151,I154,I155,I156,I157,I162,I163,I164,I165,I166,I168,I169,I171,I173,I174,I175,I179,I180,I182,I186,I188,I190,I193,I196,I198,I199,I202) -> 3 | T11: 0 | U11: 0 | V11: 22 | W11: 7 | X11: 173 | Y11: 121
A12: 3 | B12: MARET | C12: =SUM(J69) -> 1 | D12: 0 | E12: =SUM(J71,J75) -> 0 | F12: =sum(I66:I68) -> 3 | G12: =SUM(C12:F12) -> 4 | H12: 0 | I12: 0 | J12: =sum(J108,J110,J111,J117,J122,J123,J82,J84,J85,J88,J90) -> 4 | K12: =sum(J107,J109,J111,J112,J113,J114,J115,J116,J118,J119,J120,J121,J124,J125,J126,J83,J86,J87,J89,J91,J92,J93,J66,J67,J68) -> 14 | L12: 0 | M12: 0 | N12: =SUM(J135,J136,J138,J139,J140,J141,J142,J145,J146,J148,J150,J152,J153,J158,J159,J160,J161,J167,J170,J172,J176,J177,J178,J181,J183,J184,J185,J187,J189,J191,J192,J194,J195,J197,J200,J201) -> 4 | O12: =SUM(J134,J137,J143,J144,J147,J149,J151,J154,J155,J156,J157,J162,J163,J164,J165,J166,J168,J169,J171,J173,J174,J175,J179,J180,J182,J186,J188,J190,J193,J196,J198,J199,J202) -> 3 | T12: 0 | U12: 0 | V12: 22 | W12: 7 | X12: 173 | Y12: 121
A13: 4 | B13: APRIL | C13: =SUM(K71) -> 1 | D13: =SUM(K70,K72) -> 2 | E13: =SUM(K69) -> 1 | F13: =SUM(K66:K68) -> 2 | G13: =SUM(C13:F13) -> 6 | H13: 0 | I13: 0 | J13: =sum(K108,K110,K111,K117,K122,K123,K82,K84,K85,K88,K90) -> 6 | K13: =sum(K107,K109,K111,K112,K113,K114,K115,K116,K118,K119,K120,K121,K124,K125,K126,K83,K86,K87,K89,K91,K92,K93,K66,K67,K68) -> 17 | L13: 0 | M13: =sum(K203) -> 1 | N13: =SUM(K135,K136,K138,K139,K140,K141,K142,K145,K146,K148,K150,K152,K153,K158,K159,K160,K161,K167,K170,K172,K176,K177,K178,K181,K183,K184,K185,K187,K189,K191,K192,K194,K195,K197,K200,K201) -> 3 | O13: =SUM(K134,K137,K143,K144,K147,K149,K151,K154,K155,K156,K157,K162,K163,K164,K165,K166,K168,K169,K171,K173,K174,K175,K179,K180,K182,K186,K188,K190,K193,K196,K198,K199,K202) -> 3 | T13: 0 | U13: 0 | V13: 22 | W13: 7 | X13: 173 | Y13: 121
A14: 5 | B14: MEI | C14: 0 | D14: 0 | E14: =SUM(L69,L71) -> 2 | F14: =SUM(L66:L68,L70,L72) -> 4 | G14: =SUM(C14:F14) -> 6 | H14: 0 | I14: =sum(L92,L93) -> 2 | J14: =sum(L108,L110,L111,L117,L122,L123,L82,L84,L85,L88,L90) -> 4 | K14: =sum(L107,L109,L111,L112,L113,L114,L115,L116,L118,L119,L120,L121,L124,L125,L126,L83,L86,L87,L89,L91,L92,L93,L66,L67,L68) -> 14 | L14: =Sum(L101,L102) -> 2 | M14: 0 | N14: =SUM(L135,L136,L138,L139,L140,L141,L142,L145,L146,L148,L150,L152,L153,L158,L159,L160,L161,L167,L170,L172,L176,L177,L178,L181,L183,L184,L185,L187,L189,L191,L192,L194,L195,L197,L200,L201) -> 2 | O14: =SUM(L134,L137,L143,L144,L147,L149,L151,L154,L155,L156,L157,L162,L163,L164,L165,L166,L168,L169,L171,L173,L174,L175,L179,L180,L182,L186,L188,L190,L193,L196,L198,L199,L202,L203) -> 5 | T14: 1 | U14: 0 | V14: 23 | W14: 7 | X14: 173 | Y14: 121
A15: 6 | B15: JUNI | C15: 0 | D15: =SUM(M73) -> 1 | E15: =SUM(M69,M71,M75) -> 2 | F15: =SUM(M66:M68,M70,M72) -> 3 | G15: =SUM(C15:F15) -> 6 | H15: 0 | I15: 0 | J15: =sum(M108,M110,M111,M117,M122,M123,M82,M84,M85,M88,M90) -> 4 | K15: =sum(M107,M109,M111,M112,M113,M114,M115,M116,M118,M119,M120,M121,M124,M125,M126,M83,M86,M87,M89,M91,M92,M93,M66,M67,M68) -> 15 | L15: =sum(M103) -> 1 | M15: 0 | N15: =SUM(M135,M136,M138,M139,M140,M141,M142,M145,M146,M148,M150,M152,M153,M158,M159,M160,M161,M167,M170,M172,M176,M177,M178,M181,M183,M184,M185,M187,M189,M191,M192,M194,M195,M197,M200,M201,M101,M102) -> 3 | O15: =SUM(M134,M137,M143,M144,M147,M149,M151,M154,M155,M156,M157,M162,M163,M164,M165,M166,M168,M169,M171,M173,M174,M175,M179,M180,M182,M186,M188,M190,M193,M196,M198,M199,M202,M203) -> 1 | T15: 1 | U15: 0 | V15: 24 | W15: 7 | X15: 173 | Y15: 121
A16: 7 | B16: JULI | C16: 0 | D16: =SUM(N74) -> 1 | E16: =SUM(N71) -> 1 | F16: =SUM(N66:N68,N70,N72,N73) -> 5 | G16: =SUM(C16:F16) -> 7 | H16: 0 | I16: =sum(N66) -> 1 | J16: =sum(N108,N110,N111,N117,N122,N123,N82,N84,N85,N88,N90) -> 5 | K16: =sum(N107,N109,N111,N112,N113,N114,N115,N116,N118,N119,N120,N121,N124,N125,N126,N83,N86,N87,N89,N91,N92,N93,N66,N67,N68) -> 14 | L16: 0 | M16: 0 | N16: =SUM(N135,N136,N138,N139,N140,N141,N142,N145,N146,N148,N150,N152,N153,N158,N159,N160,N161,N167,N170,N172,N176,N177,N178,N181,N183,N184,N185,N187,N189,N191,N192,N194,N195,N197,N200,N201,N101,N102,N103) -> 1 | O16: =SUM(N134,N137,N143,N144,N147,N149,N151,N154,N155,N156,N157,N162,N163,N164,N165,N166,N168,N169,N171,N173,N174,N175,N179,N180,N182,N186,N188,N190,N193,N196,N198,N199,N202,N203) -> 1 | T16: 1 | U16: 1 | V16: 25 | W16: 8 | X16: 173 | Y16: 121
A17: 8 | B17: AGUSTUS | C17: 0 | D17: 0 | E17: =SUM(O69,O71) -> 2 | F17: =SUM(O66:O68,O70,O72,O73,O74) -> 6 | G17: =SUM(C17:F17) -> 8 | H17: 0 | I17: 0 | J17: =SUM(O108,O110,O111,O117,O122,O123,O82,O84,O85,O88,O90) -> 5 | K17: =suM(O107,O109,O111,O112,O113,O114,O115,O116,O118,O119,O120,O121,O124,O125,O126,O83,O86,O87,O89,O91,O92,O93,O66,O67,O68) -> 13 | L17: 0 | M17: 0 | N17: =SUM(O135,O136,O138,O139,O140,O141,O142,O145,O146,O148,O150,O152,O153,O158,O159,O160,O161,O167,O170,O172,O176,O177,O178,O181,O183,O184,O185,O187,O189,O191,O192,O194,O195,O197,O200,O201,O101,O102,O103) -> 0 | O17: =SUM(O134,O137,O143,O144,O147,O149,O151,O154,O155,O156,O157,O162,O163,O164,O165,O166,O168,O169,O171,O173,O174,O175,O179,O180,O182,O186,O188,O190,O193,O196,O198,O199,O202,O203) -> 1 | T17: 1 | U17: 0 | V17: 26 | W17: 8 | X17: 173 | Y17: 121
A18: 9 | B18: SEPTEMBER | C18: =SUM(P75) -> 1 | D18: 0 | E18: =SUM(P69,P71) -> 2 | F18: =SUM(P66:P68,P70,P72,P73,P74) -> 6 | G18: =SUM(C18:F18) -> 9 | H18: 0 | I18: =sum(P67) -> 1 | J18: =suM(P108,P110,P111,P117,P122,P123,P82,P84,P85,P88,P90) -> 6 | K18: =suM(P107,P109,P111,P112,P113,P114,P115,P116,P118,P119,P120,P121,P124,P125,P126,P83,P86,P87,P89,P91,P92,P93,P66,P67,P68) -> 15 | L18: 0 | M18: 0 | N18: =SUM(P135,P136,P138,P139,P140,P141,P142,P145,P146,P148,P150,P152,P153,P158,P159,P160,P161,P167,P170,P172,P176,P177,P178,P181,P183,P184,P185,P187,P189,P191,P192,P194,P195,P197,P200,P201,P101,P102,P103) -> 2 | O18: =SUM(P134,P137,P143,P144,P147,P149,P151,P154,P155,P156,P157,P162,P163,P164,P165,P166,P168,P169,P171,P173,P174,P175,P179,P180,P182,P186,P188,P190,P193,P196,P198,P199,P202,P203) -> 1 | T18: 0 | U18: 0 | V18: 26 | W18: 8 | X18: 173 | Y18: 121
A19: 10 | B19: OKTOBER | C19: 0 | D19: 0 | E19: =SUM(Q69,Q71,Q75) -> 3 | F19: =SUM(Q66:Q68,Q70,Q72,Q73,Q74) -> 4 | G19: =SUM(C19:F19) -> 7 | H19: 0 | I19: 0 | J19: =suM(Q108,Q110,Q111,Q117,Q122,Q123,Q82,Q84,Q85,Q88,Q90) -> 6 | K19: =suM(Q107,Q109,Q111,Q112,Q113,Q114,Q115,Q116,Q118,Q119,Q120,Q121,Q124,Q125,Q126,Q83,Q86,Q87,Q89,Q91,Q92,Q93,Q66,Q67,Q68) -> 13 | L19: 0 | M19: =SUM(Q104) -> 1 | N19: =SUM(Q135,Q136,Q138,Q139,Q140,Q141,Q142,Q145,Q146,Q148,Q150,Q152,Q153,Q158,Q159,Q160,Q161,Q167,Q170,Q172,Q176,Q177,Q178,Q181,Q183,Q184,Q185,Q187,Q189,Q191,Q192,Q194,Q195,Q197,Q200,Q201,Q101,Q102,Q103) -> 3 | O19: =SUM(Q134,Q137,Q143,Q144,Q147,Q149,Q151,Q154,Q155,Q156,Q157,Q162,Q163,Q164,Q165,Q166,Q168,Q169,Q171,Q173,Q174,Q175,Q179,Q180,Q182,Q186,Q188,Q190,Q193,Q196,Q198,Q199,Q202,Q203) -> 0 | T19: 0 | U19: 2 | V19: 26 | W19: 10 | X19: 173 | Y19: 121
A20: 11 | B20: NOVEMBER | C20: 0 | D20: 0 | E20: =SUM(Q69,Q71,Q75) -> 3 | F20: =SUM(R66:R68,R70,R72,R73,R74) -> 7 | G20: =SUM(C20:F20) -> 10 | H20: 0 | I20: =sum(R68) -> 1 | J20: =suM(R108,R110,R111,R117,R122,R123,R82,R84,R85,R88,R90) -> 8 | K20: =suM(R107,R109,R111,R112,R113,R114,R115,R116,R118,R119,R120,R121,R124,R125,R126,R83,R86,R87,R89,R91,R92,R93,R66,R67,R68) -> 15 | L20: 0 | M20: =SUM(R105) -> 1 | N20: =SUM(R135,R136,R138,R139,R140,R141,R142,R145,R146,R148,R150,R152,R153,R158,R159,R160,R161,R167,R170,R172,R176,R177,R178,R181,R183,R184,R185,R187,R189,R191,R192,R194,R195,R197,R200,R201,R101,R102,R103) -> 2 | O20: =SUM(R134,R137,R143,R144,R147,R149,R151,R154,R155,R156,R157,R162,R163,R164,R165,R166,R168,R169,R171,R173,R174,R175,R179,R180,R182,R186,R188,R190,R193,R196,R198,R199,R202,R203,R104) -> 2 | T20: 0 | U20: 0 | V20: 26 | W20: 10 | X20: 173 | Y20: 121
A21: 12 | B21: DESEMBER | C21: 0 | D21: 0 | E21: =SUM(S69,S71,S75) -> 2 | F21: =SUM(S66:S68,S70,S72,S73,S74) -> 5 | G21: =SUM(C21:F21) -> 7 | H21: 0 | I21: 0 | J21: =suM(S108,S110,S111,S117,S122,S123,S82,S84,S85,S88,S90) -> 8 | K21: =suM(S107,S109,S111,S112,S113,S114,S115,S116,S118,S119,S120,S121,S124,S125,S126,S83,S86,S87,S89,S91,S92,S93,S66,S67,S68) -> 14 | L21: 0 | M21: =SUM(S106) -> 1 | N21: =SUM(S135,S136,S138,S139,S140,S141,S142,S145,S146,S148,S150,S152,S153,S158,S159,S160,S161,S167,S170,S172,S176,S177,S178,S181,S183,S184,S185,S187,S189,S191,S192,S194,S195,S197,S200,S201,S101,S102,S103) -> 1 | O21: =SUM(S134,S137,S143,S144,S147,S149,S151,S154,S155,S156,S157,S162,S163,S164,S165,S166,S168,S169,S171,S173,S174,S175,S179,S180,S182,S186,S188,S190,S193,S196,S198,S199,S202,S203,S104,S105) -> 3 | T21: 0 | U21: 1 | V21: 26 | W21: 11 | X21: 173 | Y21: 121
B22: TOTAL | C22: =SUM(C10:C21) -> 3 | D22: =SUM(D10:D21) -> 4 | E22: =SUM(E10:E21) -> 18 | F22: =SUM(F10:F21) -> 51 | G22: =SUM(G10:G21) -> 76 | H22: =SUM(H10:H21) -> 0 | I22: =SUM(I10:I21) -> 6 | J22: =SUM(J10:J21) -> 70 | ... AL22: =SUM(AL10:AL21) -> 0
A25: DATA SASARAN KUNJUNGAN | V25: 26 | W25: 11
A26: DESA : | B26: BUMI MAS
A27: TAHUN : | B27: 2025
A29: DATA SASARAN IBU HAMIL/NIFAS/MENYUSUI
A30: NO | B30: SASARAN IBU HAMIL/MENYUSUI | E30: Tanggal Lahir | F30: JUMLAH KUNJUNGAN DAN JUMLAH SASARAN IBU HAMIL/NIFAS/MENYUSUI
B31: NAMA IBU | C31: NAMA SUAMI | D31: NAMA BAYI | E31: Bayi | F31: JAN | G31: FEB | H31: MAR | I31: APR | J31: MEI | K31: JUN | L31: JUL | M31: AGU | N31: SEP | O31: OKT | P31: NOV | Q31: DES | R31: JUMLAH
A32: 1 | B32: 2 | C32: 3 | D32: 4 | F32: 5 | G32: 6 | H32: 7 | I32: 8 | J32: 9 | K32: 10 | L32: 11 | M32: 12 | N32: 13 | O32: 14 | P32: 15 | Q32: 16
A33: 1 | B33: Yuli Partini | C33: AHmad Abadi | D33: Umar Aasim Daefullah | E33: 44930 | F33: 1 | G33: 1 | H33: 1 | I33: 1 | J33: 0 | K33: 0 | L33: 0 | M33: 0 | N33: 0 | O33: 1 | P33: 1 | Q33: 1 | R33: =SUM(F33:Q33) -> 7
A34: =A33+1 -> 2 | B34: Eka Widyasari | C34: Suhermanto | D34: Ersha Shakiya Putri | E34: 44931 | F34: 1 | G34: 1 | H34: 1 | I34: 1 | J34: 1 | K34: 1 | L34: 1 | M34: 0 | N34: 0 | O34: 0 | P34: 1 | Q34: 1 | R34: =SUM(F34:Q34) -> 9
A35: =A34+1 -> 3 | B35: Annisaul Mahmudah | C35: Santoso | D35: Muhammad Hanan | E35: 44993 | F35: 1 | G35: 1 | H35: 0 | I35: 0 | J35: 0 | K35: 1 | L35: 1 | M35: 1 | N35: 1 | O35: 1 | P35: 1 | Q35: 1 | R35: =SUM(F35:Q35) -> 9
A36: =A35+1 -> 4 | B36: Annisaul Mahmudah | C36: Santoso | D36: Muhammad Hamim | E36: 44993 | F36: 1 | G36: 1 | H36: 0 | I36: 0 | J36: 0 | K36: 1 | L36: 1 | M36: 1 | N36: 1 | O36: 1 | P36: 1 | Q36: 1 | R36: =SUM(F36:Q36) -> 9
A37: =A36+1 -> 5 | B37: Siti Ngaliyah | C37: Edi Saputra | D37: Afida Salsabila Alifah | E37: 45034 | F37: 1 | G37: 1 | H37: 1 | I37: 1 | J37: 1 | K37: 1 | L37: 0 | M37: 1 | N37: 1 | O37: 1 | P37: 0 | Q37: 1 | R37: =SUM(F37:Q37) -> 10
A38: =A37+1 -> 6 | B38: Susiloningsih | C38: Sukamdo | D38: Rayyan Arfinza D | E38: 45047 | F38: 1 | G38: 1 | H38: 1 | I38: 1 | J38: 1 | K38: 1 | L38: 1 | M38: 1 | N38: 1 | O38: 1 | P38: 1 | Q38: 1 | R38: =SUM(F38:Q38) -> 12
A39: =A38+1 -> 7 | B39: Desi Ratnasai | C39: Edi Riyanto | D39: Afika Nur Aisyah | E39: 45062 | F39: 0 | G39: 0 | H39: 1 | I39: 1 | J39: 1 | K39: 0 | L39: 0 | M39: 0 | N39: 0 | O39: 1 | P39: 1 | Q39: 1 | R39: =SUM(F39:Q39) -> 6
A40: =A39+1 -> 8 | B40: Endang Palupi | C40: Mansuryono | D40: Nawa Syarif H | E40: 45138 | F40: 1 | G40: 1 | H40: 1 | I40: 1 | J40: 1 | K40: 1 | L40: 1 | M40: 1 | N40: 1 | O40: 1 | P40: 1 | Q40: 1 | R40: =SUM(F40:Q40) -> 12
A41: =A40+1 -> 9 | B41: Bainun | C41: Dwi Mulya Rosadi | D41: Muhammad Bagas M | E41: 45223 | F41: 1 | G41: 0 | H41: 0 | I41: 1 | J41: 1 | K41: 0 | L41: 1 | M41: 1 | N41: 1 | O41: 0 | P41: 0 | Q41: 1 | R41: =SUM(F41:Q41) -> 7
A42: =A41+1 -> 10 | B42: Tri Setianingsih | C42: Tulus Saputra | D42: Zea Shaqweena | E42: 45306 | F42: 1 | G42: 1 | H42: 0 | I42: 0 | J42: 0 | K42: 0 | L42: 0 | M42: 0 | N42: 0 | O42: 0 | P42: 0 | Q42: 0 | R42: =SUM(F42:Q42) -> 2
A43: =A42+1 -> 11 | B43: Ellysa F | C43: Dika Prayoga | D43: Devanya Queensha P | E43: 45419 | F43: 0 | G43: 0 | H43: 0 | I43: 0 | J43: 1 | K43: 0 | L43: 0 | M43: 0 | N43: 0 | O43: 1 | P43: 0 | Q43: 1 | R43: =SUM(F43:Q43) -> 3
A44: =A43+1 -> 12 | B44: Siti Marfuah | C44: Tohir | D44: Nadhira Khansa Aulia | E44: 45428 | F44: 0 | G44: 1 | H44: 1 | I44: 1 | J44: 1 | K44: 1 | L44: 1 | M44: 1 | N44: 1 | O44: 1 | P44: 1 | Q44: 1 | R44: =SUM(F44:Q44) -> 11
A45: =A44+1 -> 13 | B45: Novita H | C45: Mukti Ali | D45: Ameera Najma Shafiyya | E45: 45485 | F45: 1 | G45: 1 | H45: 1 | I45: 1 | J45: 1 | K45: 1 | L45: 1 | M45: 1 | N45: 1 | O45: 0 | P45: 1 | Q45: 1 | R45: =SUM(F45:Q45) -> 11
... A55: =A54+1 -> 23 | B55: Dela Lestari | C55: Fredi Saprianto | D55: Arka Mahesa Dirgantara | E55: 45912 | F55: 1 | G55: 1 | H55: 1 | I55: 1 | J55: 1 | K55: 1 | L55: 1 | M55: 1 | N55: 1 | O55: 1 | P55: 1 | Q55: 1 | R55: =SUM(F55:Q55) -> 12
A56: JUMLAH | F56: =SUM(F33:F55) -> 18 | G56: =SUM(G33:G55) -> 16 | H56: =SUM(H33:H55) -> 13 | I56: =SUM(I33:I55) -> 16 | J56: =SUM(J33:J55) -> 15 | K56: =SUM(K33:K55) -> 14 | L56: =SUM(L33:L55) -> 15 | M56: =SUM(M33:M55) -> 16 | ... R56: =SUM(R33:R55) -> 193
A62: DATA SASARAN BAYI (0-12 BULAN)
A63: NO | B63: NAMA BAYI/BALITA | C63: JENIS KELAMIN | D63: TANGGAL LAHIR | E63: USIA | F63: NAMA | H63: JUMLAH KUNJUNGAN DAN JUMLAH SASARAN BALITA BAYI 0-12 BULAN
F64: IBU | G64: AYAH | H64: JAN | I64: FEB | J64: MAR | K64: APR | L64: MEI | M64: JUN | N64: JUL | O64: AGU | P64: SEP | Q64: OKT | R64: NOV | S64: DES | T64: JUMLAH
A65: 1 | B65: 2 | C65: 3 | D65: 4 | F65: 5 | G65: 6 | H65: 7 | I65: 8 | J65: 9 | K65: 10 | L65: 11 | M65: 12 | N65: 13 | O65: 14 | P65: 15 | Q65: 16 | R65: 17 | S65: 18
A66: 1 | B66: Ameera Najma Shafiyya | C66: Perempuan | D66: 45485 | E66: =DATEDIF(D66,DATE(YEAR(TODAY())-2,12,31),"y") & "tahun" & DATEDIF(D66, today(), "ym") & "bulan" -> 0tahun10bulan | F66: Novita H | G66: Mukti Ali | H66: 1 | I66: 1 | J66: 1 | K66: 1 | L66: 1 | M66: 1 | N66: 1 | O66: 1 | P66: 1 | Q66: 0 | R66: 1 | S66: 1 | T66: =SUM(H66:S66) -> 11
A67: =A66+1 -> 2 | B67: Tisya Maulidia Nawali | C67: Perempuan | D67: 45552 | E67: =DATEDIF(D67,DATE(YEAR(TODAY())-2,12,31),"y") & "tahun" & DATEDIF(D67, today(), "ym") & "bulan" -> 0tahun8bulan | F67: Ruli Nuraini | G67: Maman S | H67: 1 | I67: 1 | J67: 1 | K67: 1 | L67: 1 | M67: 1 | N67: 1 | O67: 1 | P67: 1 | Q67: 1 | R67: 1 | S67: 1 | T67: =SUM(H67:S67) -> 12
A68: =A67+1 -> 3 | B68: Almahira | C68: Perempuan | D68: 45623 | E68: =DATEDIF(D68,DATE(YEAR(TODAY())-2,12,31),"y") & "tahun" & DATEDIF(D68, today(), "ym") & "bulan" -> 0tahun6bulan | F68: Sutiani | G68: Roni S | H68: 1 | I68: 1 | J68: 1 | K68: 0 | L68: 0 | M68: 0 | N68: 0 | O68: 0 | P68: 0 | Q68: 0 | R68: 1 | S68: 0 | T68: =SUM(H68:S68) -> 4
A69: =A68+1 -> 4 | B69: Galvin Zahir Ramadhan | C69: Laki-laki | D69: 45734 | E69: =DATEDIF(D69,DATE(YEAR(TODAY())-1,12,31),"y") & "tahun" & DATEDIF(D69, today(), "ym") & "bulan" -> 0tahun2bulan | F69: Lia Solehah | G69: Widi Dwi Sujarwo | H69: 0 | I69: 0 | J69: 1 | K69: 1 | L69: 1 | M69: 1 | N69: 0 | O69: 1 | P69: 1 | Q69: 1 | R69: 1 | S69: 0 | T69: =SUM(H69:S69) -> 8
A70: =A69+1 -> 5 | B70: Aruna Yasmin Nathania | C70: Perempuan | D70: 45757 | E70: =DATEDIF(D70,DATE(YEAR(TODAY())-1,12,31),"y") & "tahun" & DATEDIF(D70, today(), "ym") & "bulan" -> 0tahun2bulan | F70: Fitri Handayani | G70: Nurdianto | H70: 0 | I70: 0 | J70: 0 | K70: 1 | L70: 1 | M70: 1 | N70: 1 | O70: 1 | P70: 1 | Q70: 1 | R70: 1 | S70: 1 | T70: =SUM(H70:S70) -> 9
A71: =A70+1 -> 6 | B71: Vikram Zuhair | C71: Laki-laki | D71: 45767 | E71: =DATEDIF(D71,DATE(YEAR(TODAY())-1,12,31),"M") & "Bulan" & DATEDIF(D71, DATE(YEAR(today())-1,12,31),"MD") & "Hari" -> 8Bulan11Hari | F71: Aminatul Khasanah | G71: Arif Budiyanto | H71: 0 | I71: 0 | J71: 0 | K71: 1 | L71: 1 | M71: 1 | N71: 1 | O71: 1 | P71: 1 | Q71: 1 | R71: 1 | S71: 1 | T71: =SUM(H71:S71) -> 9
A72: =A71+1 -> 7 | B72: Fina Karimatul Maula | C72: Perempuan | D72: 45771 | E72: =DATEDIF(D72,DATE(YEAR(TODAY())-1,12,31),"y") & "tahun" & DATEDIF(D72, today(), "ym") & "bulan" -> 0tahun1bulan | F72: Siti Mutkharomah | G72: Arif Nurrohman | H72: 0 | I72: 0 | J72: 0 | K72: 1 | L72: 1 | M72: 0 | N72: 1 | O72: 1 | P72: 1 | Q72: 1 | R72: 1 | S72: 0 | T72: =SUM(H72:S72) -> 7
A73: =A72+1 -> 8 | B73: Farah Nur Afifah | C73: Perempuan | D73: 45819 | E73: =DATEDIF(D73,DATE(YEAR(TODAY())-1,12,31),"y") & "tahun" & DATEDIF(D73, today(), "ym") & "bulan" -> 0tahun11bulan | F73: Ria | G73: M. Nurkholik | H73: 0 | I73: 0 | J73: 0 | K73: 0 | L73: 0 | M73: 1 | N73: 1 | O73: 1 | P73: 1 | Q73: 1 | R73: 1 | S73: 1 | T73: =SUM(H73:S73) -> 7
A74: =A73+1 -> 9 | B74: Binar Rarasita Efendi | C74: Perempuan | D74: 45861 | E74: =DATEDIF(D74,DATE(YEAR(TODAY())-1,12,31),"y") & "tahun" & DATEDIF(D74, today(), "ym") & "bulan" -> 0tahun10bulan | F74: Siti Ngaliyah | G74: Aan Efendi | H74: 0 | I74: 0 | J74: 0 | K74: 0 | L74: 0 | M74: 0 | N74: 1 | O74: 1 | P74: 1 | Q74: 0 | R74: 1 | S74: 1 | T74: =SUM(H74:S74) -> 5
A75: =A74+1 -> 10 | B75: Arka Mahesa Dirgantara | C75: Laki-laki | D75: 45912 | E75: =DATEDIF(D75,DATE(YEAR(TODAY())-1,12,31),"y") & "tahun" & DATEDIF(D75, today(), "ym") & "bulan" -> 0tahun8bulan | F75: Dela Lestari | G75: Fredi | H75: 0 | I75: 0 | J75: 0 | K75: 0 | L75: 0 | M75: 0 | N75: 0 | O75: 0 | P75: 1 | Q75: 1 | R75: 1 | S75: 1 | T75: =SUM(H75:S75) -> 4
B76: Jumlah | H76: =SUM(H66:H75) -> 3 | I76: =SUM(I66:I75) -> 3 | J76: =SUM(J66:J75) -> 4 | K76: =SUM(K66:K75) -> 6 | L76: =SUM(L66:L75) -> 6 | M76: =SUM(M66:M75) -> 6 | N76: =SUM(N66:N75) -> 7 | O76: =SUM(O66:O75) -> 8 | ... T76: =SUM(T66:T75) -> 76
A79: DATA SASARAN BADUTA USIA 1-2TAHUN
A80: NO | B80: NAMA BADUTA | C80: JENIS KELAMIN | D80: TANGGAL LAHIR | E80: USIA | F80: NAMA | H80: JUMLAH KUNJUNGAN DAN JUMLAH SASARAN BALITA 1-5 TAHUN
F81: IBU | G81: AYAH | H81: JAN | I81: FEB | J81: MAR | K81: APR | L81: MEI | M81: JUN | N81: JUL | O81: AGU | P81: SEP | Q81: OKT | R81: NOV | S81: DES | T81: JUMLAH
A82: 1 | B82: Umar Aasim Daefullah | C82: Laki-laki | D82: 44930 | E82: =DATEDIF(D82,DATE(YEAR(TODAY())-1,12,31),"y") & "tahun" & DATEDIF(D82, today(), "ym") & "bulan" -> 2tahun5bulan | F82: Yuli Partini | G82: AHmad Abadi | H82: 1 | I82: 1 | J82: 1 | K82: 1 | L82: 0 | M82: 0 | N82: 0 | O82: 0 | P82: 0 | Q82: 1 | R82: 1 | S82: 1 | T82: =SUM(H82:S82) -> 7
A83: =A82+1 -> 2 | B83: Ersha Shakiya Putri | C83: Perempuan | D83: 44931 | E83: =DATEDIF(D83,DATE(YEAR(TODAY())-1,12,31),"y") & "tahun" & DATEDIF(D83, today(), "ym") & "bulan" -> 2tahun5bulan | F83: Eka Widyasari | G83: Suhermanto | H83: 1 | I83: 1 | J83: 1 | K83: 1 | L83: 1 | M83: 1 | N83: 1 | O83: 0 | P83: 0 | Q83: 0 | R83: 1 | S83: 1 | T83: =SUM(H83:S83) -> 9
A84: =A83+1 -> 3 | B84: Muhammad Hanan | C84: Laki-laki | D84: 44993 | E84: =DATEDIF(D84,DATE(YEAR(TODAY())-1,12,31),"y") & "tahun" & DATEDIF(D84, today(), "ym") & "bulan" -> 2tahun3bulan | F84: Annisaul Mahmudah | G84: Santoso | H84: 1 | I84: 1 | J84: 0 | K84: 0 | L84: 0 | M84: 1 | N84: 1 | O84: 1 | P84: 1 | Q84: 1 | R84: 1 | S84: 1 | T84: =SUM(H84:S84) -> 9
A85: =A84+1 -> 4 | B85: Muhammad Hamim | C85: Laki-laki | D85: 44993 | E85: =DATEDIF(D85,DATE(YEAR(TODAY())-1,12,31),"y") & "tahun" & DATEDIF(D85, today(), "ym") & "bulan" -> 2tahun3bulan | F85: Annisaul Mahmudah | G85: Santoso | H85: 1 | I85: 1 | J85: 0 | K85: 0 | L85: 0 | M85: 1 | N85: 1 | O85: 1 | P85: 1 | Q85: 1 | R85: 1 | S85: 1 | T85: =SUM(H85:S85) -> 9
A86: =A85+1 -> 5 | B86: Afida Salsabila Alifah | C86: Perempuan | D86: 45034 | E86: =DATEDIF(D86,DATE(YEAR(TODAY())-1,12,31),"y") & "tahun" & DATEDIF(D86, today(), "ym") & "bulan" -> 2tahun1bulan | F86: Siti Ngaliyah | G86: Edi Saputra | H86: 1 | I86: 1 | J86: 1 | K86: 1 | L86: 1 | M86: 1 | N86: 0 | O86: 1 | P86: 1 | Q86: 1 | R86: 0 | S86: 1 | T86: =SUM(H86:S86) -> 10
A87: =A86+1 -> 6 | B87: Rayyan Arfinza D | C87: Perempuan | D87: 45047 | E87: =DATEDIF(D87,DATE(YEAR(TODAY())-1,12,31),"y") & "tahun" & DATEDIF(D87, today(), "ym") & "bulan" -> 2tahun1bulan | F87: Susiloningsih | G87: Sukamdo | H87: 1 | I87: 1 | J87: 1 | K87: 1 | L87: 1 | M87: 1 | N87: 1 | O87: 1 | P87: 1 | Q87: 1 | R87: 1 | S87: 1 | T87: =SUM(H87:S87) -> 12
A88: =A87+1 -> 7 | B88: Afika Nur Aisyah | C88: Laki-laki | D88: 45062 | E88: =DATEDIF(D88,DATE(YEAR(TODAY())-1,12,31),"y") & "tahun" & DATEDIF(D88, today(), "ym") & "bulan" -> 2tahun0bulan | F88: Desi Ratnasai | G88: Edi Riyanto | H88: 0 | I88: 0 | J88: 1 | K88: 1 | L88: 1 | M88: 0 | N88: 0 | O88: 0 | P88: 0 | Q88: 1 | R88: 1 | S88: 1 | T88: =SUM(H88:S88) -> 6
A89: =A88+1 -> 8 | B89: Nawa Syarif H | C89: Perempuan | D89: 45138 | E89: =DATEDIF(D89,DATE(YEAR(TODAY())-2,12,31),"y") & "tahun" & DATEDIF(D89, today(), "ym") & "bulan" -> 1tahun10bulan | F89: Endang Palupi | G89: Mansuryono | H89: 1 | I89: 1 | J89: 1 | K89: 1 | L89: 1 | M89: 1 | N89: 1 | O89: 1 | P89: 1 | Q89: 1 | R89: 1 | S89: 1 | T89: =SUM(H89:S89) -> 12
A90: =A89+1 -> 9 | B90: Muhammad Bagas M | C90: Laki-laki | D90: 45223 | E90: =DATEDIF(D90,DATE(YEAR(TODAY())-2,12,31),"y") & "tahun" & DATEDIF(D90, today(), "ym") & "bulan" -> 1tahun7bulan | F90: Bainun | G90: Dwi Mulya Rosadi | H90: 1 | I90: 0 | J90: 0 | K90: 1 | L90: 1 | M90: 0 | N90: 1 | O90: 1 | P90: 1 | Q90: 0 | R90: 0 | S90: 1 | T90: =SUM(H90:S90) -> 7
A91: =A90+1 -> 10 | B91: Zea Shaqweena | C91: Perempuan | D91: 45306 | E91: =DATEDIF(D91,DATE(YEAR(TODAY())-1,12,31),"y") & "tahun" & DATEDIF(D91, today(), "ym") & "bulan" -> 1tahun4bulan | F91: Tri Setianingsih | G91: Tulus Saputra | H91: 1 | I91: 1 | J91: 0 | K91: 0 | L91: 0 | M91: 0 | N91: 0 | O91: 0 | P91: 0 | Q91: 0 | R91: 0 | S91: 0 | T91: =SUM(H91:S91) -> 2
A92: =A91+1 -> 11 | B92: Devanya Queensha P | C92: Perempuan | D92: 45419 | E92: =DATEDIF(D92,DATE(YEAR(TODAY())-1,12,31),"y") & "tahun" & DATEDIF(D92, today(), "ym") & "bulan" -> 1tahun1bulan | F92: Ellysa F | G92: Dika Prayoga | H92: 0 | I92: 0 | J92: 0 | K92: 0 | L92: 1 | M92: 0 | N92: 0 | O92: 0 | P92: 0 | Q92: 1 | R92: 0 | S92: 1 | T92: =SUM(H92:S92) -> 3
A93: =A92+1 -> 12 | B93: Nadhira Khansa Aulia | C93: Perempuan | D93: 45428 | E93: =DATEDIF(D93,DATE(YEAR(TODAY())-1,12,31),"y") & "tahun" & DATEDIF(D93, today(), "ym") & "bulan" -> 1tahun0bulan | F93: Siti Marfuah | G93: Tohir | H93: 0 | I93: 1 | J93: 1 | K93: 1 | L93: 1 | M93: 1 | N93: 1 | O93: 1 | P93: 1 | Q93: 1 | R93: 1 | S93: 1 | T93: =SUM(H93:S93) -> 11
B94: JUMLAH | H94: =SUM(H79:H93) -> 9 | I94: =SUM(I79:I93) -> 9 | J94: =SUM(J79:J93) -> 7 | K94: =SUM(K79:K93) -> 8 | L94: =SUM(L79:L93) -> 8 | M94: =SUM(M79:M93) -> 7 | N94: =SUM(N79:N93) -> 7 | O94: =SUM(O79:O93) -> 7 | ... T94: =SUM(T79:T93) -> 97
A97: DATA SASARAN BALITA USIA 3-6TAHUN
A98: NO | B98: NAMA BALITA/PRA | C98: JENIS KELAMIN | D98: TANGGAL LAHIR | E98: USIA | F98: NAMA | H98: JUMLAH KUNJUNGAN DAN JUMLAH SASARAN BALITA 1-5 TAHUN
F99: IBU | G99: AYAH | H99: JAN | I99: FEB | J99: MAR | K99: APR | L99: MEI | M99: JUN | N99: JUL | O99: AGU | P99: SEP | Q99: OKT | R99: NOV | S99: DES | T99: JUMLAH
A100: 1 | B100: 2 | C100: 3 | D100: 4 | E100: 5 | F100: 6 | G100: 7 | H100: 8 | I100: 9 | J100: 10 | K100: 11 | L100: 12 | M100: 13 | N100: 14 | O100: 15 | P100: 16 | Q100: 17 | R100: 18
A101: 1 | B101: Gibran Athafaris Ramadhan | C101: Laki-laki | D101: 43600 | E101: =DATEDIF(D101,DATE(YEAR(TODAY())-1,12,31),"y") & "tahun" & DATEDIF(D101, today(), "ym") & "bulan" -> 6tahun0bulan | F101: Lia Solehah | G101: Widi Dwi Sujarwo | H101: 0 | I101: 0 | J101: 0 | K101: 0 | L101: 1 | M101: 1 | N101: 0 | O101: 0 | P101: 0 | Q101: 1 | R101: 0 | S101: 0 | T101: =SUM(H101:S101) -> 3
A102: =A101+1 -> 2 | B102: Faisal Hamdan Haritsah | C102: Laki-laki | D102: 43600 | E102: =DATEDIF(D102,DATE(YEAR(TODAY())-1,12,31),"y") & "tahun" & DATEDIF(D102, today(), "ym") & "bulan" -> 6tahun0bulan | F102: Siti Ngaliyah | G102: Edi Saputra | H102: 0 | I102: 0 | J102: 0 | K102: 0 | L102: 1 | M102: 0 | N102: 0 | O102: 0 | P102: 1 | Q102: 0 | R102: 1 | S102: 0 | T102: =SUM(H102:S102) -> 3
A103: =A102+1 -> 3 | B103: Muhammad Naufal | C103: Laki-laki | D103: 43628 | E103: =DATEDIF(D103,DATE(YEAR(TODAY())-2,12,31),"y") & "tahun" & DATEDIF(D103, today(), "ym") & "bulan" -> 5tahun11bulan | F103: Kisruh Wulandari | G103: Rudi Nur Cahyono | H103: 0 | I103: 0 | J103: 0 | K103: 0 | L103: 0 | M103: 1 | N103: 1 | O103: 0 | P103: 0 | Q103: 1 | R103: 1 | S103: 1 | T103: =SUM(H103:S103) -> 5
A104: =A103+1 -> 4 | B104: Nayyara Salsabila Azizah | C104: Perempuan | D104: 43768 | E104: =DATEDIF(D104,DATE(YEAR(TODAY())-2,12,31),"y") & "tahun" & DATEDIF(D104, today(), "ym") & "bulan" -> 5tahun7bulan | F104: Eka Setyawati | G104: Widodo | H104: 0 | I104: 0 | J104: 0 | K104: 0 | L104: 0 | M104: 0 | N104: 0 | O104: 0 | P104: 0 | Q104: 1 | R104: 1 | S104: 1 | T104: =SUM(H104:S104) -> 3
A105: =A104+1 -> 5 | B105: Adiva Dania Kansa | C105: Perempuan | D105: 43777 | E105: =DATEDIF(D105,DATE(YEAR(TODAY())-2,12,31),"y") & "tahun" & DATEDIF(D105, today(), "ym") & "bulan" -> 5tahun7bulan | F105: Uji Reswanti | G105: Dedi Subowo | H105: 0 | I105: 0 | J105: 0 | K105: 0 | L105: 0 | M105: 0 | N105: 0 | O105: 0 | P105: 0 | Q105: 0 | R105: 1 | S105: 1 | T105: =SUM(H105:S105) -> 2
A106: =A105+1 -> 6 | B106: Naziha Nur Aisyah | C106: Perempuan | D106: 43822 | E106: =DATEDIF(D106,DATE(YEAR(TODAY())-2,12,31),"y") & "tahun" & DATEDIF(D106, today(), "ym") & "bulan" -> 5tahun5bulan | F106: Fitri Handayani | G106: Nurdianto | H106: 0 | I106: 0 | J106: 0 | K106: 0 | L106: 0 | M106: 0 | N106: 0 | O106: 0 | P106: 0 | Q106: 0 | R106: 0 | S106: 1 | T106: =SUM(H106:S106) -> 1
A107: =A106+1 -> 7 | B107: Widya Ainun Nisya | C107: Perempuan | D107: 43844 | E107: =DATEDIF(D107,DATE(YEAR(TODAY())-1,12,31),"y") & "tahun" & DATEDIF(D107, today(), "ym") & "bulan" -> 5tahun4bulan | F107: Eka Yulianti | G107: Harjo Dinoto | H107: 0 | I107: 0 | J107: 1 | K107: 0 | L107: 0 | M107: 0 | N107: 0 | O107: 0 | P107: 0 | Q107: 0 | R107: 0 | S107: 0 | T107: =SUM(H107:S107) -> 1
A108: =A107+1 -> 8 | B108: Gheza Dafa Muafaq | C108: Laki-laki | D108: 43894 | E108: =DATEDIF(D108,DATE(YEAR(TODAY())-1,12,31),"y") & "tahun" & DATEDIF(D108, today(), "ym") & "bulan" -> 5tahun3bulan | F108: Nindi | G108: Irvan | H108: 1 | I108: 0 | J108: 0 | K108: 0 | L108: 0 | M108: 0 | N108: 0 | O108: 0 | P108: 0 | Q108: 0 | R108: 0 | S108: 0 | T108: =SUM(H108:S108) -> 1
A109: =A108+1 -> 9 | B109: Nadiva Afseen Almahira | C109: Perempuan | D109: 43902 | E109: =DATEDIF(D109,DATE(YEAR(TODAY())-1,12,31),"y") & "tahun" & DATEDIF(D109, today(), "ym") & "bulan" -> 5tahun2bulan | F109: Aminatul Khasanah | G109: Arif Budiyanto | H109: 0 | I109: 1 | J109: 0 | K109: 0 | L109: 0 | M109: 0 | N109: 0 | O109: 0 | P109: 0 | Q109: 0 | R109: 0 | S109: 0 | T109: =SUM(H109:S109) -> 1
A110: =A109+1 -> 10 | B110: Rivan Nur Mulki | C110: Laki-laki | D110: 43904 | E110: =DATEDIF(D110,DATE(YEAR(TODAY())-1,12,31),"y") & "tahun" & DATEDIF(D110, today(), "ym") & "bulan" -> 5tahun2bulan | F110: Ririn Sapriani | G110: Mukhlis | H110: 1 | I110: 1 | J110: 0 | K110: 1 | L110: 0 | M110: 0 | N110: 0 | O110: 0 | P110: 1 | Q110: 0 | R110: 1 | S110: 1 | T110: =SUM(H110:S110) -> 6
A111: =A110+1 -> 11 | B111: Zio Putra Aditama | C111: Laki-laki | D111: 43908 | E111: =DATEDIF(D111,DATE(YEAR(TODAY())-1,12,31),"y") & "tahun" & DATEDIF(D111, today(), "ym") & "bulan" -> 5tahun2bulan | F111: Tri Setianingsih | G111: Tulus Saputra | H111: 0 | I111: 0 | J111: 0 | K111: 0 | L111: 0 | M111: 0 | N111: 0 | O111: 0 | P111: 0 | Q111: 0 | R111: 0 | S111: 0 | T111: =SUM(H111:S111) -> 0
A112: =A111+1 -> 12 | B112: Reihana Alfathun Nisa | C112: Perempuan | D112: 43908 | E112: =DATEDIF(D112,DATE(YEAR(TODAY())-1,12,31),"y") & "tahun" & DATEDIF(D112, today(), "ym") & "bulan" -> 5tahun2bulan | F112: Winda | G112: Budi | H112: 1 | I112: 1 | J112: 0 | K112: 1 | L112: 0 | M112: 0 | N112: 0 | O112: 0 | P112: 1 | Q112: 1 | R112: 1 | S112: 1 | T112: =SUM(H112:S112) -> 7
A113: =A112+1 -> 13 | B113: Nazela Carissa Khumaira | C113: Perempuan | D113: 44013 | E113: =DATEDIF(D113,DATE(YEAR(TODAY())-2,12,31),"y") & "tahun" & DATEDIF(D113, today(), "ym") & "bulan" -> 4tahun11bulan | F113: Febriyanti | G113: Dwi Hartanto | H113: 0 | I113: 0 | J113: 0 | K113: 1 | L113: 1 | M113: 1 | N113: 1 | O113: 0 | P113: 0 | Q113: 0 | R113: 0 | S113: 0 | T113: =SUM(H113:S113) -> 4
A114: =A113+1 -> 14 | B114: Raisya Almira Misel | C114: Perempuan | D114: 44022 | E114: =DATEDIF(D114,DATE(YEAR(TODAY())-2,12,31),"y") & "tahun" & DATEDIF(D114, today(), "ym") & "bulan" -> 4tahun11bulan | F114: Septiana | G114: Sumarno | H114: 1 | I114: 1 | J114: 0 | K114: 1 | L114: 0 | M114: 0 | N114: 0 | O114: 0 | P114: 1 | Q114: 0 | R114: 1 | S114: 1 | T114: =SUM(H114:S114) -> 6
A115: =A114+1 -> 15 | B115: Elshanum Pradipta D | C115: Perempuan | D115: 44066 | E115: =DATEDIF(D115,DATE(YEAR(TODAY())-2,12,31),"y") & "tahun" & DATEDIF(D115, today(), "ym") & "bulan" -> 4tahun9bulan | F115: Solikhah | G115: Aan Darmawan | H115: 0 | I115: 0 | J115: 1 | K115: 1 | L115: 0 | M115: 1 | N115: 0 | O115: 0 | P115: 0 | Q115: 0 | R115: 0 | S115: 0 | T115: =SUM(H115:S115) -> 3
A116: =A115+1 -> 16 | B116: Shakira Adinda Zahrony | C116: Perempuan | D116: 44088 | E116: =DATEDIF(D116,DATE(YEAR(TODAY())-2,12,31),"y") & "tahun" & DATEDIF(D116, today(), "ym") & "bulan" -> 4tahun8bulan | F116: Sri Wijayanti | G116: Nuruwan Usuf | H116: 1 | I116: 1 | J116: 1 | K116: 1 | L116: 1 | M116: 1 | N116: 1 | O116: 1 | P116: 1 | Q116: 0 | R116: 1 | S116: 0 | T116: =SUM(H116:S116) -> 10
A117: =A116+1 -> 17 | B117: Muhammad Hafiz Zulfahmi | C117: Laki-laki | D117: 44116 | E117: =DATEDIF(D117,DATE(YEAR(TODAY())-2,12,31),"y") & "tahun" & DATEDIF(D117, today(), "ym") & "bulan" -> 4tahun7bulan | F117: Fina Safitri | G117: Ernawan | H117: 1 | I117: 1 | J117: 1 | K117: 1 | L117: 1 | M117: 1 | N117: 1 | O117: 1 | P117: 1 | Q117: 1 | R117: 1 | S117: 1 | T117: =SUM(H117:S117) -> 12
A118: =A117+1 -> 18 | B118: Aishwa Nahla Salsabila Azizah | C118: Perempuan | D118: 44133 | E118: =DATEDIF(D118,DATE(YEAR(TODAY())-2,12,31),"y") & "tahun" & DATEDIF(D118, today(), "ym") & "bulan" -> 4tahun7bulan | F118: Fitri Apriyani | G118: Muhrodi | H118: 1 | I118: 1 | J118: 1 | K118: 1 | L118: 1 | M118: 1 | N118: 1 | O118: 1 | P118: 1 | Q118: 1 | R118: 1 | S118: 1 | T118: =SUM(H118:S118) -> 12
A119: =A118+1 -> 19 | B119: Kalista Almira Maritza Putri | C119: Perempuan | D119: 44138 | E119: =DATEDIF(D119,DATE(YEAR(TODAY())-2,12,31),"y") & "tahun" & DATEDIF(D119, today(), "ym") & "bulan" -> 4tahun7bulan | F119: Tri Puji Lestari | G119: Suliswan | H119: 1 | I119: 0 | J119: 0 | K119: 1 | L119: 1 | M119: 1 | N119: 1 | O119: 1 | P119: 1 | Q119: 1 | R119: 1 | S119: 0 | T119: =SUM(H119:S119) -> 9
A120: =A119+1 -> 20 | B120: Sindi Nurmala | C120: Perempuan | D120: 44227 | E120: =DATEDIF(D120,DATE(YEAR(TODAY())-1,12,31),"y") & "tahun" & DATEDIF(D120, today(), "ym") & "bulan" -> 4tahun4bulan | F120: Poni Aldiana Idris | G120: Solikin | H120: 0 | I120: 1 | J120: 1 | K120: 1 | L120: 1 | M120: 1 | N120: 1 | O120: 1 | P120: 1 | Q120: 1 | R120: 1 | S120: 1 | T120: =SUM(H120:S120) -> 11
A121: =A120+1 -> 21 | B121: Nura Azfiana Syaida | C121: Perempuan | D121: 44420 | E121: =DATEDIF(D121,DATE(YEAR(TODAY())-2,12,31),"y") & "tahun" & DATEDIF(D121, today(), "ym") & "bulan" -> 3tahun9bulan | F121: Fitri Handayani | G121: Nurdianto | H121: 0 | I121: 0 | J121: 0 | K121: 1 | L121: 0 | M121: 1 | N121: 1 | O121: 1 | P121: 1 | Q121: 1 | R121: 1 | S121: 1 | T121: =SUM(H121:S121) -> 8
A122: =A121+1 -> 22 | B122: M. Albirruni Diyaul H. | C122: Laki-laki | D122: 44508 | E122: =DATEDIF(D122,DATE(YEAR(TODAY())-2,12,31),"y") & "tahun" & DATEDIF(D122, today(), "ym") & "bulan" -> 3tahun7bulan | F122: Safitri Nurhayati | G122: Wahid Khoirianto | H122: 1 | I122: 1 | J122: 1 | K122: 1 | L122: 1 | M122: 1 | N122: 1 | O122: 1 | P122: 1 | Q122: 1 | R122: 1 | S122: 1 | T122: =SUM(H122:S122) -> 12
...

Sheet KES SIP 6 BUMIMAS
A1: DATA PENGUNJUNG
B3: DESA : BUMI MAS
A4: NO | B4: BULAN | C4: JUMLAH PENGUNJUNG | AB4: JUMLAH PETUGAS YG HADIR | AH4: JUMLAH BAYI | AL4: KET
C5: B A L I T A | L5: ANAK USIA 6-15 TAHUN | P5: USIA PRODUKTIF | T5: LANSIA | X5: WUS | Y5: IBU | AB5: KADER | AD5: PLKB | AF5: MEDIS DAN PARA MEDIS | AH5: YANG LAHIR | AJ5: MENINGGAL
C6: BAYI 0 - 12 BULAN | H6: BALITA 1-5 TAHUN | Y6: PUS | Z6: HAMIL | AA6: MENYUSUI
C7: BARU | E7: LAMA | G7: TOTAL | H7: BARU | J7: LAMA | L7: BARU | N7: LAMA | P7: BARU | R7: LAMA | T7: BARU | V7: LAMA
C8: L | D8: P | E8: L | F8: P | H8: L | I8: P | J8: L | K8: P | L8: L | M8: P | N8: L | O8: P | P8: L | Q8: P | R8: L | S8: P | T8: L | U8: P | V8: L | W8: P | AB8: L | AC8: P | AD8: L | AE8: P | AF8: L | AG8: P | AH8: L | AI8: P | AJ8: L | AK8: P
A9: 1 | B9: 2 | C9: 3 | D9: 4 | E9: 5 | F9: 6 | G9: 0 | H9: 7 | I9: 8 | J9: 9 | K9: 10 | L9: 11 | M9: 12 | N9: 13 | O9: 14 | P9: 15 | Q9: 16 | R9: 17 | S9: 18 | T9: 19 | U9: 20 | V9: 21 | W9: 22 | X9: 23 | Y9: 24 | Z9: 25 | AA9: 26 | AB9: 27 | AC9: 28 | AD9: 29 | AE9: 30 | AF9: 31 | AG9: 32 | AH9: 33 | AI9: 34 | AJ9: 35 | AK9: 36 | AL9: 37
A10: 1 | B10: JANUARI | C10: =SUM('KES SIP 6 MAWAR'!D10,'KES SIP 6 KENANGA'!F10,'KES SIP 6 DAHLIA'!C10,'KES SIP 6 MELATI'!C10) -> 0 | D10: =SUM('KES SIP 6 MAWAR'!E10,'KES SIP 6 KENANGA'!G10,'KES SIP 6 DAHLIA'!D10,'KES SIP 6 MELATI'!D10) -> 0 | E10: =SUM('KES SIP 6 MAWAR'!F10,'KES SIP 6 KENANGA'!I10,'KES SIP 6 DAHLIA'!E10,'KES SIP 6 MELATI'!E10) -> 0 | F10: =SUM('KES SIP 6 MAWAR'!G10,'KES SIP 6 KENANGA'!J10,'KES SIP 6 DAHLIA'!F10,'KES SIP 6 MELATI'!F10) -> 5 | G10: =SUM('KES SIP 6 MAWAR'!H10,'KES SIP 6 KENANGA'!K10,'KES SIP 6 DAHLIA'!G10,'KES SIP 6 MELATI'!G10) -> 5 | H10: =SUM('KES SIP 6 MAWAR'!I10,'KES SIP 6 KENANGA'!L10,'KES SIP 6 DAHLIA'!H10,'KES SIP 6 MELATI'!H10) -> 0 | I10: =SUM('KES SIP 6 MAWAR'!J10,'KES SIP 6 KENANGA'!M10,'KES SIP 6 DAHLIA'!I10,'KES SIP 6 MELATI'!I10) -> 2 | J10: =SUM('KES SIP 6 MAWAR'!K10,'KES SIP 6 KENANGA'!N10,'KES SIP 6 DAHLIA'!J10,'KES SIP 6 MELATI'!J10) -> 25 | K10: =SUM('KES SIP 6 MAWAR'!L10,'KES SIP 6 KENANGA'!O10,'KES SIP 6 DAHLIA'!K10,'KES SIP 6 MELATI'!K10) -> 48 | L10: =SUM('KES SIP 6 MAWAR'!M10,'KES SIP 6 KENANGA'!P10,'KES SIP 6 DAHLIA'!L10,'KES SIP 6 MELATI'!L10) -> 1 | ... AL10: =SUM('KES SIP 6 MAWAR'!AM10,'KES SIP 6 KENANGA'!AP10,'KES SIP 6 DAHLIA'!AL10,'KES SIP 6 MELATI'!AL10) -> 0
A11: 2 | B11: FEBRUARI | C11: =SUM('KES SIP 6 MAWAR'!D11,'KES SIP 6 KENANGA'!F11,'KES SIP 6 DAHLIA'!C11,'KES SIP 6 MELATI'!C11) -> 0 | D11: =SUM('KES SIP 6 MAWAR'!E11,'KES SIP 6 KENANGA'!G11,'KES SIP 6 DAHLIA'!D11,'KES SIP 6 MELATI'!D11) -> 0 | E11: =SUM('KES SIP 6 MAWAR'!F11,'KES SIP 6 KENANGA'!I11,'KES SIP 6 DAHLIA'!E11,'KES SIP 6 MELATI'!E11) -> 0 | F11: =SUM('KES SIP 6 MAWAR'!G11,'KES SIP 6 KENANGA'!J11,'KES SIP 6 DAHLIA'!F11,'KES SIP 6 MELATI'!F11) -> 5 | G11: =SUM('KES SIP 6 MAWAR'!H11,'KES SIP 6 KENANGA'!K11,'KES SIP 6 DAHLIA'!G11,'KES SIP 6 MELATI'!G11) -> 5 | H11: =SUM('KES SIP 6 MAWAR'!I11,'KES SIP 6 KENANGA'!L11,'KES SIP 6 DAHLIA'!H11,'KES SIP 6 MELATI'!H11) -> 0 | I11: =SUM('KES SIP 6 MAWAR'!J11,'KES SIP 6 KENANGA'!M11,'KES SIP 6 DAHLIA'!I11,'KES SIP 6 MELATI'!I11) -> 0 | J11: =SUM('KES SIP 6 MAWAR'!K11,'KES SIP 6 KENANGA'!N11,'KES SIP 6 DAHLIA'!J11,'KES SIP 6 MELATI'!J11) -> 22 | K11: =SUM('KES SIP 6 MAWAR'!L11,'KES SIP 6 KENANGA'!O11,'KES SIP 6 DAHLIA'!K11,'KES SIP 6 MELATI'!K11) -> 50 | L11: =SUM('KES SIP 6 MAWAR'!M11,'KES SIP 6 KENANGA'!P11,'KES SIP 6 DAHLIA'!L11,'KES SIP 6 MELATI'!L11) -> 0 | ... AL11: =SUM('KES SIP 6 MAWAR'!AM11,'KES SIP 6 KENANGA'!AP11,'KES SIP 6 DAHLIA'!AL11,'KES SIP 6 MELATI'!AL11) -> 0
A12: 3 | B12: MARET | C12: =SUM('KES SIP 6 MAWAR'!D12,'KES SIP 6 KENANGA'!F12,'KES SIP 6 DAHLIA'!C12,'KES SIP 6 MELATI'!C12) -> 1 | D12: =SUM('KES SIP 6 MAWAR'!E12,'KES SIP 6 KENANGA'!G12,'KES SIP 6 DAHLIA'!D12,'KES SIP 6 MELATI'!D12) -> 0 | E12: =SUM('KES SIP 6 MAWAR'!F12,'KES SIP 6 KENANGA'!I12,'KES SIP 6 DAHLIA'!E12,'KES SIP 6 MELATI'!E12) -> 0 | F12: =SUM('KES SIP 6 MAWAR'!G12,'KES SIP 6 KENANGA'!J12,'KES SIP 6 DAHLIA'!F12,'KES SIP 6 MELATI'!F12) -> 5 | G12: =SUM('KES SIP 6 MAWAR'!H12,'KES SIP 6 KENANGA'!K12,'KES SIP 6 DAHLIA'!G12,'KES SIP 6 MELATI'!G12) -> 6 | H12: =SUM('KES SIP 6 MAWAR'!I12,'KES SIP 6 KENANGA'!L12,'KES SIP 6 DAHLIA'!H12,'KES SIP 6 MELATI'!H12) -> 0 | I12: =SUM('KES SIP 6 MAWAR'!J12,'KES SIP 6 KENANGA'!M12,'KES SIP 6 DAHLIA'!I12,'KES SIP 6 MELATI'!I12) -> 0 | J12: =SUM('KES SIP 6 MAWAR'!K12,'KES SIP 6 KENANGA'!N12,'KES SIP 6 DAHLIA'!J12,'KES SIP 6 MELATI'!J12) -> 20 | K12: =SUM('KES SIP 6 MAWAR'!L12,'KES SIP 6 KENANGA'!O12,'KES SIP 6 DAHLIA'!K12,'KES SIP 6 MELATI'!K12) -> 45 | L12: =SUM('KES SIP 6 MAWAR'!M12,'KES SIP 6 KENANGA'!P12,'KES SIP 6 DAHLIA'!L12,'KES SIP 6 MELATI'!L12) -> 0 | ... AL12: =SUM('KES SIP 6 MAWAR'!AM12,'KES SIP 6 KENANGA'!AP12,'KES SIP 6 DAHLIA'!AL12,'KES SIP 6 MELATI'!AL12) -> 0
A13: 4 | B13: APRIL | C13: =SUM('KES SIP 6 MAWAR'!D13,'KES SIP 6 KENANGA'!F13,'KES SIP 6 DAHLIA'!C13,'KES SIP 6 MELATI'!C13) -> 2 | D13: =SUM('KES SIP 6 MAWAR'!E13,'KES SIP 6 KENANGA'!G13,'KES SIP 6 DAHLIA'!D13,'KES SIP 6 MELATI'!D13) -> 2 | E13: =SUM('KES SIP 6 MAWAR'!F13,'KES SIP 6 KENANGA'!I13,'KES SIP 6 DAHLIA'!E13,'KES SIP 6 MELATI'!E13) -> 1 | F13: =SUM('KES SIP 6 MAWAR'!G13,'KES SIP 6 KENANGA'!J13,'KES SIP 6 DAHLIA'!F13,'KES SIP 6 MELATI'!F13) -> 4 | G13: =SUM('KES SIP 6 MAWAR'!H13,'KES SIP 6 KENANGA'!K13,'KES SIP 6 DAHLIA'!G13,'KES SIP 6 MELATI'!G13) -> 9 | H13: =SUM('KES SIP 6 MAWAR'!I13,'KES SIP 6 KENANGA'!L13,'KES SIP 6 DAHLIA'!H13,'KES SIP 6 MELATI'!H13) -> 0 | I13: =SUM('KES SIP 6 MAWAR'!J13,'KES SIP 6 KENANGA'!M13,'KES SIP 6 DAHLIA'!I13,'KES SIP 6 MELATI'!I13) -> 0 | J13: =SUM('KES SIP 6 MAWAR'!K13,'KES SIP 6 KENANGA'!N13,'KES SIP 6 DAHLIA'!J13,'KES SIP 6 MELATI'!J13) -> 23 | K13: =SUM('KES SIP 6 MAWAR'!L13,'KES SIP 6 KENANGA'!O13,'KES SIP 6 DAHLIA'!K13,'KES SIP 6 MELATI'!K13) -> 47 | L13: =SUM('KES SIP 6 MAWAR'!M13,'KES SIP 6 KENANGA'!P13,'KES SIP 6 DAHLIA'!L13,'KES SIP 6 MELATI'!L13) -> 0 | ... AL13: =SUM('KES SIP 6 MAWAR'!AM13,'KES SIP 6 KENANGA'!AP13,'KES SIP 6 DAHLIA'!AL13,'KES SIP 6 MELATI'!AL13) -> 0
A14: 5 | B14: MEI | C14: =SUM('KES SIP 6 MAWAR'!D14,'KES SIP 6 KENANGA'!F14,'KES SIP 6 DAHLIA'!C14,'KES SIP 6 MELATI'!C14) -> 0 | D14: =SUM('KES SIP 6 MAWAR'!E14,'KES SIP 6 KENANGA'!G14,'KES SIP 6 DAHLIA'!D14,'KES SIP 6 MELATI'!D14) -> 0 | E14: =SUM('KES SIP 6 MAWAR'!F14,'KES SIP 6 KENANGA'!I14,'KES SIP 6 DAHLIA'!E14,'KES SIP 6 MELATI'!E14) -> 4 | F14: =SUM('KES SIP 6 MAWAR'!G14,'KES SIP 6 KENANGA'!J14,'KES SIP 6 DAHLIA'!F14,'KES SIP 6 MELATI'!F14) -> 6 | G14: =SUM('KES SIP 6 MAWAR'!H14,'KES SIP 6 KENANGA'!K14,'KES SIP 6 DAHLIA'!G14,'KES SIP 6 MELATI'!G14) -> 10 | H14: =SUM('KES SIP 6 MAWAR'!I14,'KES SIP 6 KENANGA'!L14,'KES SIP 6 DAHLIA'!H14,'KES SIP 6 MELATI'!H14) -> 0 | I14: =SUM('KES SIP 6 MAWAR'!J14,'KES SIP 6 KENANGA'!M14,'KES SIP 6 DAHLIA'!I14,'KES SIP 6 MELATI'!I14) -> 3 | J14: =SUM('KES SIP 6 MAWAR'!K14,'KES SIP 6 KENANGA'!N14,'KES SIP 6 DAHLIA'!J14,'KES SIP 6 MELATI'!J14) -> 23 | K14: =SUM('KES SIP 6 MAWAR'!L14,'KES SIP 6 KENANGA'!O14,'KES SIP 6 DAHLIA'!K14,'KES SIP 6 MELATI'!K14) -> 49 | L14: =SUM('KES SIP 6 MAWAR'!M14,'KES SIP 6 KENANGA'!P14,'KES SIP 6 DAHLIA'!L14,'KES SIP 6 MELATI'!L14) -> 2 | ... AL14: =SUM('KES SIP 6 MAWAR'!AM14,'KES SIP 6 KENANGA'!AP14,'KES SIP 6 DAHLIA'!AL14,'KES SIP 6 MELATI'!AL14) -> 0
A15: 6 | B15: JUNI | C15: =SUM('KES SIP 6 MAWAR'!D15,'KES SIP 6 KENANGA'!F15,'KES SIP 6 DAHLIA'!C15,'KES SIP 6 MELATI'!C15) -> 0 | D15: =SUM('KES SIP 6 MAWAR'!E15,'KES SIP 6 KENANGA'!G15,'KES SIP 6 DAHLIA'!D15,'KES SIP 6 MELATI'!D15) -> 2 | E15: =SUM('KES SIP 6 MAWAR'!F15,'KES SIP 6 KENANGA'!I15,'KES SIP 6 DAHLIA'!E15,'KES SIP 6 MELATI'!E15) -> 5 | F15: =SUM('KES SIP 6 MAWAR'!G15,'KES SIP 6 KENANGA'!J15,'KES SIP 6 DAHLIA'!F15,'KES SIP 6 MELATI'!F15) -> 5 | G15: =SUM('KES SIP 6 MAWAR'!H15,'KES SIP 6 KENANGA'!K15,'KES SIP 6 DAHLIA'!G15,'KES SIP 6 MELATI'!G15) -> 12 | H15: =SUM('KES SIP 6 MAWAR'!I15,'KES SIP 6 KENANGA'!L15,'KES SIP 6 DAHLIA'!H15,'KES SIP 6 MELATI'!H15) -> 0 | I15: =SUM('KES SIP 6 MAWAR'!J15,'KES SIP 6 KENANGA'!M15,'KES SIP 6 DAHLIA'!I15,'KES SIP 6 MELATI'!I15) -> 0 | J15: =SUM('KES SIP 6 MAWAR'!K15,'KES SIP 6 KENANGA'!N15,'KES SIP 6 DAHLIA'!J15,'KES SIP 6 MELATI'!J15) -> 22 | K15: =SUM('KES SIP 6 MAWAR'!L15,'KES SIP 6 KENANGA'!O15,'KES SIP 6 DAHLIA'!K15,'KES SIP 6 MELATI'!K15) -> 51 | L15: =SUM('KES SIP 6 MAWAR'!M15,'KES SIP 6 KENANGA'!P15,'KES SIP 6 DAHLIA'!L15,'KES SIP 6 MELATI'!L15) -> 1 | ... AL15: =SUM('KES SIP 6 MAWAR'!AM15,'KES SIP 6 KENANGA'!AP15,'KES SIP 6 DAHLIA'!AL15,'KES SIP 6 MELATI'!AL15) -> 0
A16: 7 | B16: JULI | C16: =SUM('KES SIP 6 MAWAR'!D16,'KES SIP 6 KENANGA'!F16,'KES SIP 6 DAHLIA'!C16,'KES SIP 6 MELATI'!C16) -> 0 | D16: =SUM('KES SIP 6 MAWAR'!E16,'KES SIP 6 KENANGA'!G16,'KES SIP 6 DAHLIA'!D16,'KES SIP 6 MELATI'!D16) -> 2 | E16: =SUM('KES SIP 6 MAWAR'!F16,'KES SIP 6 KENANGA'!I16,'KES SIP 6 DAHLIA'!E16,'KES SIP 6 MELATI'!E16) -> 4 | F16: =SUM('KES SIP 6 MAWAR'!G16,'KES SIP 6 KENANGA'!J16,'KES SIP 6 DAHLIA'!F16,'KES SIP 6 MELATI'!F16) -> 8 | G16: =SUM('KES SIP 6 MAWAR'!H16,'KES SIP 6 KENANGA'!K16,'KES SIP 6 DAHLIA'!G16,'KES SIP 6 MELATI'!G16) -> 14 | H16: =SUM('KES SIP 6 MAWAR'!I16,'KES SIP 6 KENANGA'!L16,'KES SIP 6 DAHLIA'!H16,'KES SIP 6 MELATI'!H16) -> 0 | I16: =SUM('KES SIP 6 MAWAR'!J16,'KES SIP 6 KENANGA'!M16,'KES SIP 6 DAHLIA'!I16,'KES SIP 6 MELATI'!I16) -> 3 | J16: =SUM('KES SIP 6 MAWAR'!K16,'KES SIP 6 KENANGA'!N16,'KES SIP 6 DAHLIA'!J16,'KES SIP 6 MELATI'!J16) -> 25 | K16: =SUM('KES SIP 6 MAWAR'!L16,'KES SIP 6 KENANGA'!O16,'KES SIP 6 DAHLIA'!K16,'KES SIP 6 MELATI'!K16) -> 52 | L16: =SUM('KES SIP 6 MAWAR'!M16,'KES SIP 6 KENANGA'!P16,'KES SIP 6 DAHLIA'!L16,'KES SIP 6 MELATI'!L16) -> 0 | ... AL16: =SUM('KES SIP 6 MAWAR'!AM16,'KES SIP 6 KENANGA'!AP16,'KES SIP 6 DAHLIA'!AL16,'KES SIP 6 MELATI'!AL16) -> 0
A17: 8 | B17: AGUSTUS | C17: =SUM('KES SIP 6 MAWAR'!D17,'KES SIP 6 KENANGA'!F17,'KES SIP 6 DAHLIA'!C17,'KES SIP 6 MELATI'!C17) -> 2 | D17: =SUM('KES SIP 6 MAWAR'!E17,'KES SIP 6 KENANGA'!G17,'KES SIP 6 DAHLIA'!D17,'KES SIP 6 MELATI'!D17) -> 0 | E17: =SUM('KES SIP 6 MAWAR'!F17,'KES SIP 6 KENANGA'!I17,'KES SIP 6 DAHLIA'!E17,'KES SIP 6 MELATI'!E17) -> 5 | F17: =SUM('KES SIP 6 MAWAR'!G17,'KES SIP 6 KENANGA'!J17,'KES SIP 6 DAHLIA'!F17,'KES SIP 6 MELATI'!F17) -> 10 | G17: =SUM('KES SIP 6 MAWAR'!H17,'KES SIP 6 KENANGA'!K17,'KES SIP 6 DAHLIA'!G17,'KES SIP 6 MELATI'!G17) -> 17 | H17: =SUM('KES SIP 6 MAWAR'!I17,'KES SIP 6 KENANGA'!L17,'KES SIP 6 DAHLIA'!H17,'KES SIP 6 MELATI'!H17) -> 0 | I17: =SUM('KES SIP 6 MAWAR'!J17,'KES SIP 6 KENANGA'!M17,'KES SIP 6 DAHLIA'!I17,'KES SIP 6 MELATI'!I17) -> 0 | J17: =SUM('KES SIP 6 MAWAR'!K17,'KES SIP 6 KENANGA'!N17,'KES SIP 6 DAHLIA'!J17,'KES SIP 6 MELATI'!J17) -> 23 | K17: =SUM('KES SIP 6 MAWAR'!L17,'KES SIP 6 KENANGA'!O17,'KES SIP 6 DAHLIA'!K17,'KES SIP 6 MELATI'!K17) -> 46 | L17: =SUM('KES SIP 6 MAWAR'!M17,'KES SIP 6 KENANGA'!P17,'KES SIP 6 DAHLIA'!L17,'KES SIP 6 MELATI'!L17) -> 0 | ... AL17: =SUM('KES SIP 6 MAWAR'!AM17,'KES SIP 6 KENANGA'!AP17,'KES SIP 6 DAHLIA'!AL17,'KES SIP 6 MELATI'!AL17) -> 0
A18: 9 | B18: SEPTEMBER | C18: =SUM('KES SIP 6 MAWAR'!D18,'KES SIP 6 KENANGA'!F18,'KES SIP 6 DAHLIA'!C18,'KES SIP 6 MELATI'!C18) -> 1 | D18: =SUM('KES SIP 6 MAWAR'!E18,'KES SIP 6 KENANGA'!G18,'KES SIP 6 DAHLIA'!D18,'KES SIP 6 MELATI'!D18) -> 1 | E18: =SUM('KES SIP 6 MAWAR'!F18,'KES SIP 6 KENANGA'!I18,'KES SIP 6 DAHLIA'!E18,'KES SIP 6 MELATI'!E18) -> 8 | F18: =SUM('KES SIP 6 MAWAR'!G18,'KES SIP 6 KENANGA'!J18,'KES SIP 6 DAHLIA'!F18,'KES SIP 6 MELATI'!F18) -> 10 | G18: =SUM('KES SIP 6 MAWAR'!H18,'KES SIP 6 KENANGA'!K18,'KES SIP 6 DAHLIA'!G18,'KES SIP 6 MELATI'!G18) -> 20 | H18: =SUM('KES SIP 6 MAWAR'!I18,'KES SIP 6 KENANGA'!L18,'KES SIP 6 DAHLIA'!H18,'KES SIP 6 MELATI'!H18) -> 0 | I18: =SUM('KES SIP 6 MAWAR'!J18,'KES SIP 6 KENANGA'!M18,'KES SIP 6 DAHLIA'!I18,'KES SIP 6 MELATI'!I18) -> 3 | J18: =SUM('KES SIP 6 MAWAR'!K18,'KES SIP 6 KENANGA'!N18,'KES SIP 6 DAHLIA'!J18,'KES SIP 6 MELATI'!J18) -> 25 | K18: =SUM('KES SIP 6 MAWAR'!L18,'KES SIP 6 KENANGA'!O18,'KES SIP 6 DAHLIA'!K18,'KES SIP 6 MELATI'!K18) -> 52 | L18: =SUM('KES SIP 6 MAWAR'!M18,'KES SIP 6 KENANGA'!P18,'KES SIP 6 DAHLIA'!L18,'KES SIP 6 MELATI'!L18) -> 0 | ... AL18: =SUM('KES SIP 6 MAWAR'!AM18,'KES SIP 6 KENANGA'!AP18,'KES SIP 6 DAHLIA'!AL18,'KES SIP 6 MELATI'!AL18) -> 0
A19: 10 | B19: OKTOBER | C19: =SUM('KES SIP 6 MAWAR'!D19,'KES SIP 6 KENANGA'!F19,'KES SIP 6 DAHLIA'!C19,'KES SIP 6 MELATI'!C19) -> 0 | D19: =SUM('KES SIP 6 MAWAR'!E19,'KES SIP 6 KENANGA'!G19,'KES SIP 6 DAHLIA'!D19,'KES SIP 6 MELATI'!D19) -> 0 | E19: =SUM('KES SIP 6 MAWAR'!F19,'KES SIP 6 KENANGA'!I19,'KES SIP 6 DAHLIA'!E19,'KES SIP 6 MELATI'!E19) -> 9 | F19: =SUM('KES SIP 6 MAWAR'!G19,'KES SIP 6 KENANGA'!J19,'KES SIP 6 DAHLIA'!F19,'KES SIP 6 MELATI'!F19) -> 9 | G19: =SUM('KES SIP 6 MAWAR'!H19,'KES SIP 6 KENANGA'!K19,'KES SIP 6 DAHLIA'!G19,'KES SIP 6 MELATI'!G19) -> 18 | H19: =SUM('KES SIP 6 MAWAR'!I19,'KES SIP 6 KENANGA'!L19,'KES SIP 6 DAHLIA'!H19,'KES SIP 6 MELATI'!H19) -> 0 | I19: =SUM('KES SIP 6 MAWAR'!J19,'KES SIP 6 KENANGA'!M19,'KES SIP 6 DAHLIA'!I19,'KES SIP 6 MELATI'!I19) -> 0 | J19: =SUM('KES SIP 6 MAWAR'!K19,'KES SIP 6 KENANGA'!N19,'KES SIP 6 DAHLIA'!J19,'KES SIP 6 MELATI'!J19) -> 27 | K19: =SUM('KES SIP 6 MAWAR'!L19,'KES SIP 6 KENANGA'!O19,'KES SIP 6 DAHLIA'!K19,'KES SIP 6 MELATI'!K19) -> 49 | L19: =SUM('KES SIP 6 MAWAR'!M19,'KES SIP 6 KENANGA'!P19,'KES SIP 6 DAHLIA'!L19,'KES SIP 6 MELATI'!L19) -> 0 | ... AL19: =SUM('KES SIP 6 MAWAR'!AM19,'KES SIP 6 KENANGA'!AP19,'KES SIP 6 DAHLIA'!AL19,'KES SIP 6 MELATI'!AL19) -> 0
A20: 11 | B20: NOVEMBER | C20: =SUM('KES SIP 6 MAWAR'!D20,'KES SIP 6 KENANGA'!F20,'KES SIP 6 DAHLIA'!C20,'KES SIP 6 MELATI'!C20) -> 0 | D20: =SUM('KES SIP 6 MAWAR'!E20,'KES SIP 6 KENANGA'!G20,'KES SIP 6 DAHLIA'!D20,'KES SIP 6 MELATI'!D20) -> 0 | E20: =SUM('KES SIP 6 MAWAR'!F20,'KES SIP 6 KENANGA'!I20,'KES SIP 6 DAHLIA'!E20,'KES SIP 6 MELATI'!E20) -> 9 | F20: =SUM('KES SIP 6 MAWAR'!G20,'KES SIP 6 KENANGA'!J20,'KES SIP 6 DAHLIA'!F20,'KES SIP 6 MELATI'!F20) -> 13 | G20: =SUM('KES SIP 6 MAWAR'!H20,'KES SIP 6 KENANGA'!K20,'KES SIP 6 DAHLIA'!G20,'KES SIP 6 MELATI'!G20) -> 22 | H20: =SUM('KES SIP 6 MAWAR'!I20,'KES SIP 6 KENANGA'!L20,'KES SIP 6 DAHLIA'!H20,'KES SIP 6 MELATI'!H20) -> 0 | I20: =SUM('KES SIP 6 MAWAR'!J20,'KES SIP 6 KENANGA'!M20,'KES SIP 6 DAHLIA'!I20,'KES SIP 6 MELATI'!I20) -> 3 | J20: =SUM('KES SIP 6 MAWAR'!K20,'KES SIP 6 KENANGA'!N20,'KES SIP 6 DAHLIA'!J20,'KES SIP 6 MELATI'!J20) -> 28 | K20: =SUM('KES SIP 6 MAWAR'!L20,'KES SIP 6 KENANGA'!O20,'KES SIP 6 DAHLIA'!K20,'KES SIP 6 MELATI'!K20) -> 54 | L20: =SUM('KES SIP 6 MAWAR'!M20,'KES SIP 6 KENANGA'!P20,'KES SIP 6 DAHLIA'!L20,'KES SIP 6 MELATI'!L20) -> 0 | ... AL20: =SUM('KES SIP 6 MAWAR'!AM20,'KES SIP 6 KENANGA'!AP20,'KES SIP 6 DAHLIA'!AL20,'KES SIP 6 MELATI'!AL20) -> 0
A21: 12 | B21: DESEMBER | C21: =SUM('KES SIP 6 MAWAR'!D21,'KES SIP 6 KENANGA'!F21,'KES SIP 6 DAHLIA'!C21,'KES SIP 6 MELATI'!C21) -> 2 | D21: =SUM('KES SIP 6 MAWAR'!E21,'KES SIP 6 KENANGA'!G21,'KES SIP 6 DAHLIA'!D21,'KES SIP 6 MELATI'!D21) -> 0 | E21: =SUM('KES SIP 6 MAWAR'!F21,'KES SIP 6 KENANGA'!I21,'KES SIP 6 DAHLIA'!E21,'KES SIP 6 MELATI'!E21) -> 6 | F21: =SUM('KES SIP 6 MAWAR'!G21,'KES SIP 6 KENANGA'!J21,'KES SIP 6 DAHLIA'!F21,'KES SIP 6 MELATI'!F21) -> 11 | G21: =SUM('KES SIP 6 MAWAR'!H21,'KES SIP 6 KENANGA'!K21,'KES SIP 6 DAHLIA'!G21,'KES SIP 6 MELATI'!G21) -> 19 | H21: =SUM('KES SIP 6 MAWAR'!I21,'KES SIP 6 KENANGA'!L21,'KES SIP 6 DAHLIA'!H21,'KES SIP 6 MELATI'!H21) -> 0 | I21: =SUM('KES SIP 6 MAWAR'!J21,'KES SIP 6 KENANGA'!M21,'KES SIP 6 DAHLIA'!I21,'KES SIP 6 MELATI'!I21) -> 0 | J21: =SUM('KES SIP 6 MAWAR'!K21,'KES SIP 6 KENANGA'!N21,'KES SIP 6 DAHLIA'!J21,'KES SIP 6 MELATI'!J21) -> 27 | K21: =SUM('KES SIP 6 MAWAR'!L21,'KES SIP 6 KENANGA'!O21,'KES SIP 6 DAHLIA'!K21,'KES SIP 6 MELATI'!K21) -> 47 | L21: =SUM('KES SIP 6 MAWAR'!M21,'KES SIP 6 KENANGA'!P21,'KES SIP 6 DAHLIA'!L21,'KES SIP 6 MELATI'!L21) -> 0 | ... AL21: =SUM('KES SIP 6 MAWAR'!AM21,'KES SIP 6 KENANGA'!AP21,'KES SIP 6 DAHLIA'!AL21,'KES SIP 6 MELATI'!AL21) -> 0
B22: TOTAL | C22: =SUM(C10:C21) -> 8 | D22: =SUM(D10:D21) -> 7 | E22: =SUM(E10:E21) -> 51 | F22: =SUM(F10:F21) -> 91 | G22: =SUM(G10:G21) -> 157 | H22: =SUM(H10:H21) -> 0 | I22: =SUM(I10:I21) -> 14 | J22: =SUM(J10:J21) -> 290 | ... AL22: =SUM(AL10:AL21) -> 0
A24: DATA SASARAN KUNJUNGAN
A25: DESA : | B25: BUMI MAS
A26: TAHUN : | B26: 2025
A28: DATA SASARAN IBU HAMIL/NIFAS/MENYUSUI
A29: NO | B29: SASARAN IBU HAMIL/MENYUSUI | E29: USIA | F29: JUMLAH KUNJUNGAN DAN JUMLAH SASARAN IBU HAMIL/NIFAS/MENYUSUI
B30: NAMA IBU | C30: NAMA SUAMI | D30: NAMA BAYI | F30: JAN | G30: FEB | H30: MAR | I30: APR | J30: MEI | K30: JUN | L30: JUL | M30: AGU | N30: SEP | O30: OKT | P30: NOV | Q30: DES | R30: JUMLAH
A31: 1 | B31: 2 | C31: 3 | D31: 4 | F31: 5 | G31: 6 | H31: 7 | I31: 8 | J31: 9 | K31: 10 | L31: 11 | M31: 12 | N31: 13 | O31: 14 | P31: 15 | Q31: 16
A32: 1 | B32: Maya Rosida | C32: Sariyanto | D32: 37353 | E32: =DATEDIF(D32,TODAY(),"y") -> 24 | F32: 0 | G32: 0 | H32: 0 | I32: 0 | J32: 0 | K32: 0 | L32: 0 | M32: 0 | N32: 0 | O32: 1 | P32: 1 | Q32: 0 | R32: =SUM(F32:Q32) -> 2
A33: =A32+1 -> 2 | E33: =DATEDIF(D33,TODAY(),"y") -> 126 | R33: =SUM(F33:Q33) -> 0
A34: =A33+1 -> 3 | E34: =DATEDIF(D34,TODAY(),"y") -> 126 | R34: =SUM(F34:Q34) -> 0
A35: =A34+1 -> 4 | E35: =DATEDIF(D35,TODAY(),"y") -> 126 | R35: =SUM(F35:Q35) -> 0
A36: =A35+1 -> 5 | E36: =DATEDIF(D36,TODAY(),"y") -> 126 | R36: =SUM(F36:Q36) -> 0
A37: =A36+1 -> 6 | E37: =DATEDIF(D37,TODAY(),"y") -> 126 | R37: =SUM(F37:Q37) -> 0
A38: =A37+1 -> 7 | E38: =DATEDIF(D38,TODAY(),"y") -> 126 | R38: =SUM(F38:Q38) -> 0
A39: =A38+1 -> 8 | E39: =DATEDIF(D39,TODAY(),"y") -> 126 | R39: =SUM(F39:Q39) -> 0
A40: JUMLAH | F40: =SUM(F32:F39) -> 0 | G40: =SUM(G32:G39) -> 0 | H40: =SUM(H32:H39) -> 0 | I40: =SUM(I32:I39) -> 0 | J40: =SUM(J32:J39) -> 0 | K40: =SUM(K32:K39) -> 0 | L40: =SUM(L32:L39) -> 0 | M40: =SUM(M32:M39) -> 0 | ... R40: =SUM(R32:R39) -> 2
A46: DATA SASARAN BAYI (0-12 BULAN)
A47: NO | B47: NAMA BAYI/BALITA | C47: JENIS KELAMIN | D47: TANGGAL LAHIR | E47: USIA | F47: NAMA | H47: JUMLAH KUNJUNGAN DAN JUMLAH SASARAN BALITA BAYI 0-12 BULAN
F48: IBU | G48: AYAH | H48: JAN | I48: FEB | J48: MAR | K48: APR | L48: MEI | M48: JUN | N48: JUL | O48: AGU | P48: SEP | Q48: OKT | R48: NOV | S48: DES | T48: JUMLAH
A49: 1 | B49: 2 | C49: 3 | D49: 4 | F49: 5 | G49: 6 | H49: 7 | I49: 8 | J49: 9 | K49: 10 | L49: 11 | M49: 12 | N49: 13 | O49: 14 | P49: 15 | Q49: 16 | R49: 17 | S49: 18
A50: 1 | B50: Galvin Zahir Ramadhan | C50: Laki-laki | D50: 45734 | E50: =DATEDIF(D50,TODAY(),"ym") & "bulan" -> 2bulan | F50: Lia Solehah | G50: Widi Dwi Sujarwo | H50: 0 | I50: 0 | J50: 1 | K50: 1 | L50: 1 | M50: 1 | N50: 0 | O50: 1 | P50: 1 | Q50: 1 | R50: 1 | S50: 0 | T50: =SUM(H50:S50) -> 8
A51: =A50+1 -> 2 | E51: =DATEDIF(D51,TODAY(),"ym") & "bulan" -> 5bulan
A52: =A51+1 -> 3 | E52: =DATEDIF(D52,TODAY(),"ym") & "bulan" -> 5bulan
A53: =A52+1 -> 4 | E53: =DATEDIF(D53,TODAY(),"ym") & "bulan" -> 5bulan
A54: =A53+1 -> 5 | E54: =DATEDIF(D54,TODAY(),"ym") & "bulan" -> 5bulan
A55: =A54+1 -> 6 | E55: =DATEDIF(D55,TODAY(),"ym") & "bulan" -> 5bulan
A56: =A55+1 -> 7 | E56: =DATEDIF(D56,TODAY(),"ym") & "bulan" -> 5bulan
B57: Jumlah | H57: =SUM(H50:H56) -> 0 | I57: =SUM(I50:I56) -> 0 | J57: =SUM(J50:J56) -> 1 | K57: =SUM(K50:K56) -> 1 | L57: =SUM(L50:L56) -> 1 | M57: =SUM(M50:M56) -> 1 | N57: =SUM(N50:N56) -> 0 | O57: =SUM(O50:O56) -> 1 | ... S57: =SUM(S50:S56) -> 0 | T57: =SUM(H57:S57) -> 8
A60: DATA SASARAN BALITA USIA 1-2TAHUN
A61: NO | B61: NAMA BAYI | C61: JENIS KELAMIN | D61: TANGGAL LAHIR | E61: USIA | F61: NAMA | H61: JUMLAH KUNJUNGAN DAN JUMLAH SASARAN BALITA 1-5 TAHUN
F62: IBU | G62: AYAH | H62: JAN | I62: FEB | J62: MAR | K62: APR | L62: MEI | M62: JUN | N62: JUL | O62: AGU | P62: SEP | Q62: OKT | R62: NOV | S62: DES | T62: JUMLAH
A63: 1 | B63: 2 | C63: 3 | D63: 4 | F63: 5 | G63: 6 | H63: 7 | I63: 8 | J63: 9 | K63: 10 | L63: 11 | M63: 12 | N63: 13 | O63: 14 | P63: 15 | Q63: 16 | R63: 17 | S63: 18
A64: 1 | B64: Widya Ainun Nisya | C64: Perempuan | D64: 43844 | E64: =DATEDIF(D64,TODAY(),"y") -> 6 | F64: Eka Yulianti | G64: Harjo Dinoto | H64: 0 | I64: 0 | J64: 1 | K64: 0 | L64: 0 | M64: 0 | N64: 0 | O64: 0 | P64: 0 | Q64: 0 | R64: 0 | S64: 0 | T64: =SUM(H64:S64) -> 1
A65: =A64+1 -> 2 | E65: =DATEDIF(D65,TODAY(),"y") -> 126 | T65: =SUM(H65:S65) -> 0
A66: =A65+1 -> 3 | E66: =DATEDIF(D66,TODAY(),"y") -> 126 | T66: =SUM(H66:S66) -> 0
A67: =A66+1 -> 4 | E67: =DATEDIF(D67,TODAY(),"y") -> 126 | T67: =SUM(H67:S67) -> 0
A68: =A67+1 -> 5 | E68: =DATEDIF(D68,TODAY(),"y") -> 126 | T68: =SUM(H68:S68) -> 0
A69: =A68+1 -> 6 | E69: =DATEDIF(D69,TODAY(),"y") -> 126 | T69: =SUM(H69:S69) -> 0
A70: =A69+1 -> 7 | E70: =DATEDIF(D70,TODAY(),"y") -> 126 | T70: =SUM(H70:S70) -> 0
A71: =A70+1 -> 8 | E71: =DATEDIF(D71,TODAY(),"y") -> 126 | T71: =SUM(H71:S71) -> 0
A72: =A71+1 -> 9 | E72: =DATEDIF(D72,TODAY(),"y") -> 126 | T72: =SUM(H72:S72) -> 0
A73: =A72+1 -> 10 | E73: =DATEDIF(D73,TODAY(),"y") -> 126 | T73: =SUM(H73:S73) -> 0
A74: =A73+1 -> 11 | E74: =DATEDIF(D74,TODAY(),"y") -> 126 | T74: =SUM(H74:S74) -> 0
A75: =A74+1 -> 12 | E75: =DATEDIF(D75,TODAY(),"y") -> 126 | T75: =SUM(H75:S75) -> 0
A76: =A75+1 -> 13 | E76: =DATEDIF(D76,TODAY(),"y") -> 126 | T76: =SUM(H76:S76) -> 0
... A78: =A77+1 -> 15 | E78: =DATEDIF(D78,TODAY(),"y") -> 126 | T78: =SUM(H78:S78) -> 0
A80: DATA SASARAN BALITA USIA 3-6TAHUN
A81: NO | B81: NAMA BALITA/PRA | C81: JENIS KELAMIN | D81: TANGGAL LAHIR | E81: USIA | F81: NAMA | H81: JUMLAH KUNJUNGAN DAN JUMLAH SASARAN BALITA 1-5 TAHUN
F82: IBU | G82: AYAH | H82: JAN | I82: FEB | J82: MAR | K82: APR | L82: MEI | M82: JUN | N82: JUL | O82: AGU | P82: SEP | Q82: OKT | R82: NOV | S82: DES | T82: JUMLAH
A83: =A82+1 -> 1 | E83: =DATEDIF(D83,TODAY(),"y") -> 126 | T83: =SUM(H83:S83) -> 0
A84: =A83+1 -> 2 | E84: =DATEDIF(D84,TODAY(),"y") -> 126 | T84: =SUM(H84:S84) -> 0
A85: =A84+1 -> 3 | E85: =DATEDIF(D85,TODAY(),"y") -> 126 | T85: =SUM(H85:S85) -> 0
A86: =A85+1 -> 4 | E86: =DATEDIF(D86,TODAY(),"y") -> 126 | T86: =SUM(H86:S86) -> 0
A87: =A86+1 -> 5 | E87: =DATEDIF(D87,TODAY(),"y") -> 126 | T87: =SUM(H87:S87) -> 0
A88: =A87+1 -> 6 | E88: =DATEDIF(D88,TODAY(),"y") -> 126 | T88: =SUM(H88:S88) -> 0
A89: =A88+1 -> 7 | E89: =DATEDIF(D89,TODAY(),"y") -> 126 | T89: =SUM(H89:S89) -> 0
A90: =A89+1 -> 8 | E90: =DATEDIF(D90,TODAY(),"y") -> 126 | T90: =SUM(H90:S90) -> 0
A91: =A90+1 -> 9 | E91: =DATEDIF(D91,TODAY(),"y") -> 126 | T91: =SUM(H91:S91) -> 0
A92: =A91+1 -> 10 | E92: =DATEDIF(D92,TODAY(),"y") -> 126 | T92: =SUM(H92:S92) -> 0
A93: =A92+1 -> 11 | E93: =DATEDIF(D93,TODAY(),"y") -> 126 | T93: =SUM(H93:S93) -> 0
A94: =A93+1 -> 12 | E94: =DATEDIF(D94,TODAY(),"y") -> 126 | T94: =SUM(H94:S94) -> 0
... A98: =A97+1 -> 16 | E98: =DATEDIF(D98,TODAY(),"y") -> 126 | T98: =SUM(H98:S98) -> 0
B99: JUMLAH | H99: =SUM(H64:H98) -> 0 | I99: =SUM(I64:I98) -> 0 | J99: =SUM(J64:J98) -> 1 | K99: =SUM(K64:K98) -> 0 | L99: =SUM(L64:L98) -> 0 | M99: =SUM(M64:M98) -> 0 | N99: =SUM(N64:N98) -> 0 | O99: =SUM(O64:O98) -> 0 | ... T99: =SUM(T64:T98) -> 1
A101: DATA SASARAN ANAK USIA 7-15 TAHUN
A102: NO | B102: NAMA ANAK USIA 7-15 TAHUN | C102: JENIS KELAMIN | D102: TANGGAL LAHIR | E102: USIA | F102: NAMA | H102: JUMLAH KUNJUNGAN DAN JUMLAH SASARAN ANAK USIA 6-15 TAHUN
F103: IBU | G103: AYAH | H103: JAN | I103: FEB | J103: MAR | K103: APR | L103: MEI | M103: JUN | N103: JUL | O103: AGU | P103: SEP | Q103: OKT | R103: NOV | S103: DES | T103: JUMLAH
A104: 1 | B104: 2 | C104: 3 | D104: 4 | F104: 5 | G104: 6 | H104: 7 | I104: 8 | J104: 9 | K104: 10 | L104: 11 | M104: 12 | N104: 13 | O104: 14 | P104: 15 | Q104: 16 | R104: 17 | S104: 18
A105: 1 | B105: Vesicca Dina | C105: Perempuan | D105: 40575 | E105: =DATEDIF(D105,TODAY(),"y") -> 15 | F105: Miftakhul Hasanah | G105: Bambang Komarudin | H105: 0 | I105: 0 | J105: 0 | K105: 0 | L105: 0 | M105: 0 | N105: 0 | O105: 0 | P105: 0 | Q105: 0 | R105: 0 | S105: 0 | T105: =SUM(H105:S105) -> 0
A106: =A105+1 -> 2 | E106: =DATEDIF(D106,TODAY(),"y") -> 126 | T106: =SUM(H106:S106) -> 0
A107: =A106+1 -> 3 | E107: =DATEDIF(D107,TODAY(),"y") -> 126 | T107: =SUM(H107:S107) -> 0
A108: =A107+1 -> 4 | E108: =DATEDIF(D108,TODAY(),"y") -> 126 | T108: =SUM(H108:S108) -> 0
A109: =A108+1 -> 5 | E109: =DATEDIF(D109,TODAY(),"y") -> 126 | T109: =SUM(H109:S109) -> 0
A110: =A109+1 -> 6 | E110: =DATEDIF(D110,TODAY(),"y") -> 126 | T110: =SUM(H110:S110) -> 0
A111: =A110+1 -> 7 | E111: =DATEDIF(D111,TODAY(),"y") -> 126 | T111: =SUM(H111:S111) -> 0
A112: =A111+1 -> 8 | E112: =DATEDIF(D112,TODAY(),"y") -> 126 | T112: =SUM(H112:S112) -> 0
A113: =A112+1 -> 9 | E113: =DATEDIF(D113,TODAY(),"y") -> 126 | T113: =SUM(H113:S113) -> 0
A114: =A113+1 -> 10 | E114: =DATEDIF(D114,TODAY(),"y") -> 126 | T114: =SUM(H114:S114) -> 0
A115: =A114+1 -> 11 | E115: =DATEDIF(D115,TODAY(),"y") -> 126 | T115: =SUM(H115:S115) -> 0
A116: =A115+1 -> 12 | E116: =DATEDIF(D116,TODAY(),"y") -> 126 | T116: =SUM(H116:S116) -> 0
...

Sheet KES SIP 7 Mawar
A1: DATA HASIL KEGIATAN
A4: NO | B4: BULAN | C4: IBU HAMIL | F4: JUMLAH IBU MENYUSUI | G4: JUMLAH AKSEPTOR | O4: PENIMBANGAN BALITA | AA4: IMUNISASI TT IBU HAMIL | AB4: JUMLAH BAYI YANG DIIMUNISASI | AZ4: BLITA YANG MENDERITA DIARE | BD4: KETERANGAN
C5: JUMLAH | D5: DIPERIKSA | E5: FE TAB (Tablet Besi) | G5: KONDOM | H5: PIL | I5: IMPLANT | J5: MOP | K5: MOW | L5: IUD | M5: SUNTIK | N5: LAIN-LAIN | O5: JML BALITA (S) | Q5: JML BALITA YANG MEMILIKI KMS (K) | S5: JML BALITA YANG DITIMBANG (D) | U5: JML BALTA YANG NAIK (N) | W5: JML BALITA YG MENDAPAT VIT. A | Y5: JML BALITA YG MENDAPATKAN PMT | AB5: BCG | AD5: DPT | AJ5: POLIO | AR5: CAMPAK | AT5: HEPATITIS B | AZ5: JUMLAH | BB5: YANG MENDAPATKAN ORALIT
AD7: I | AF7: II | AH7: III | AJ7: I | AL7: II | AN7: III | AP7: IV | AT7: I | AV7: II | AX7: III
O9: L | P9: P | Q9: L | R9: P | S9: L | T9: P | U9: L | V9: P | W9: L | X9: P | Y9: L | Z9: P | AB9: L | AC9: P | AD9: L | AE9: P | AF9: L | AG9: P | AH9: L | AI9: P | AJ9: L | AK9: P | AL9: L | AM9: P | AN9: L | AO9: P | AP9: L | AQ9: P | AR9: L | AS9: P | AT9: L | AU9: P | AV9: L | AW9: P | AX9: L | AY9: P | AZ9: L | BA9: P | BB9: L | BC9: P
A10: 1 | B10: 2 | C10: 3 | D10: 4 | E10: 5 | F10: 6 | G10: 7 | H10: 8 | I10: 9 | J10: 10 | K10: 11 | L10: 12 | M10: 13 | N10: 14 | O10: 15 | P10: 16 | Q10: 17 | R10: 18 | S10: 19 | T10: 20 | U10: 21 | V10: 22 | W10: 23 | X10: 24 | Y10: 25 | Z10: 26 | AA10: 27 | AB10: 28 | AC10: 29 | AD10: 30 | AE10: 31 | AF10: 32 | AG10: 33 | AH10: 34 | AI10: 35 | AJ10: 36 | AK10: 37 | AL10: 38 | AM10: 39 | AN10: 40 | AO10: 41 | AP10: 42 | AQ10: 43 | AR10: 44 | AS10: 45 | AT10: 46 | AU10: 47 | AV10: 48 | AW10: 49 | AX10: 50 | AY10: 51 | AZ10: 52 | BA10: 53 | BB10: 54 | BC10: 55 | BD10: 56
A11: 1 | B11: JANUARI | C11: 4 | D11: 2 | F11: 5
A12: 2 | B12: FEBRUARI | C12: 4 | D12: 2 | F12: 5
A13: 3 | B13: MARET | C13: 3 | D13: 2 | F13: 5
A14: 4 | B14: APRIL | C14: 2 | D14: 0 | F14: 6
A15: 5 | B15: MEI | C15: 2 | D15: 1 | F15: 6
A16: 6 | B16: JUNI | C16: 2 | D16: 1 | F16: 8
A17: 7 | B17: JULI | C17: 0 | D17: 0 | F17: 8
A18: 8 | B18: AGUSTUS | C18: 1 | D18: ='KES SIP 6 BUMIMAS'!Z17 -> 0 | F18: 8
A19: 9 | B19: SEPTEMBER | C19: 1 | D19: ='KES SIP 6 BUMIMAS'!Z18 -> 0 | F19: 8
A20: 10 | B20: OKTOBER | C20: 1 | D20: ='KES SIP 6 BUMIMAS'!Z19 -> 0 | F20: 8
A21: 11 | B21: NOVEMBER | C21: 1 | D21: ='KES SIP 6 BUMIMAS'!Z20 -> 0 | F21: 8
A22: 12 | B22: DESEMBER | C22: 1 | D22: ='KES SIP 6 BUMIMAS'!Z21 -> 0 | F22: 8
A23: JUMLAH | C23: =SUM(C11:C22) -> 22 | D23: =SUM(D11:D22) -> 8 | E23: =SUM(E11:E22) -> 0 | F23: =SUM(F11:F22) -> 83 | G23: =SUM(G11:G22) -> 0 | H23: =SUM(H11:H22) -> 0 | I23: =SUM(I11:I22) -> 0 | J23: =SUM(J11:J22) -> 0 | ... BD23: =SUM(BD11:BD22) -> 0
A26: HASIL PEMERIKSAAN SASARAN
A29: REKAPITULASI IBU HAMIL/NIFAS/MENYUSUI
A30: Bulan/Tahun | B30: Ibu Hamil | C30: Ibu Menyusui | D30: Jumlah Sasaran | H30: Jumlah Ibu Hamil/Nifas/Menyusui dengan Hasil Penimbangan/Pengukuran/Pemeriksaan | O30: TTD | R30: PMT BUMIL KEK | U30: Jumlah Ibu Hamil Mengikuti Kelas | W30: Jumlah Ibu Nifas Mendapatkan Vit.A | Y30: Jumlah Ibu Nifas/Menyusui | AA30: Jumlah Ibu Hamil/Nifas/Menyusui | AB30: Jumlah Sasaran yang Dirujuk
D31: Datang | F31: Tidak Datang | H31: Berat Badan | J31: Lingkar Lengan Atas | L31: Tekanan Darah | N31: Gejala TBC | O31: Jumlah Ibu Hamil | P31: Ibu Hamil Konsumsi TTD | R31: Jumlah Ibu Hamil | S31: Ibu Hamil Konsumsi PMT | Y31: Mengikuti KB Pasca Persalinan | AA31: Mendapatkan Edukasi
D32: Ibu Hamil | E32: Ibu Menyusui | F32: Ibu Hamil | G32: Ibu Menyusui | H32: Hijau | I32: Merah | J32: Hijau | K32: Merah/KEK | L32: Hijau | M32: Merah | O32: Mendapatkan TTD | P32: Tiap Hari | Q32: Tidak | R32: Mendapatkan PMT | S32: Tiap Hari | T32: Tidak | U32: Ya | V32: Tidak | W32: Ya | X32: Tidak | Y32: Ya | Z32: Tidak | AB32: Ibu Hamil | AC32: Ibu Nifas/menyusui
A33: 1 | B33: 2 | C33: 3 | D33: 4 | E33: 5 | F33: 6 | G33: 7 | H33: 8 | I33: 9 | J33: 10 | K33: 11 | L33: 12 | M33: 13 | N33: 14 | O33: 15 | P33: 16 | Q33: 17 | R33: 18 | S33: 19 | T33: 20 | U33: 21 | V33: 22 | W33: 23 | X33: 24 | Y33: 25 | Z33: 26 | AA33: 27 | AB33: 28 | AC33: 29
A34: 45658 | B34: 4 | C34: 5 | D34: 2 | F34: 2
A35: 45689 | B35: 4 | C35: 5 | D35: 2 | F35: 2
A36: 45717 | B36: 3 | C36: 5 | D36: 2 | F36: 1
A37: 45748 | B37: 2 | C37: 6 | D37: 0 | F37: 2
A38: 45778 | B38: 2 | C38: 6 | D38: 1 | F38: 1
A39: 45809 | B39: 2 | C39: 8 | D39: 1 | F39: 1
A40: 45839 | B40: 0 | C40: 8 | D40: 0 | F40: 0
A41: 45870 | B41: 1 | C41: 8 | D41: 0 | F41: 1
A42: 45901 | B42: 1 | C42: 8 | D42: 0 | F42: 1
A43: 45931 | B43: 1 | C43: 8 | D43: 0 | F43: 1
A44: 45962 | B44: 1 | C44: 8 | D44: 0 | F44: 1
A45: 45992 | B45: 1 | C45: 8 | D45: 0 | F45: 1
A49: REKAPITULASI BAYI, BALITA DAN APRAS
A50: Bulan/Tahun | B50: Bayi | C50: Balita & Apras | D50: Jumlah Sasaran | H50: Jumlah Bayi/Balita/Apras dengan Hasil Penimbangan dan Pengukuran/Pemantauan/Pemeriksaan | W50: Jumlah Bayi dan Balita | AD50: Jumlah Balita Sakit | AE50: Jumlah Sasaran Dirujuk
B51: (0-6 bulan) | C51: (26 bulan - | D51: Datang | F51: Tidak Datang | H51: Balita dg Ceklis Perkembangan | J51: BB U(0-5 th) | N51: Hasil Pengukuran PB/TB/Umur 0-5 th | P51: Hasil Pengukuran BB/TP atau BB/TB | R51: Hasil Pengukuran Lingkar Kepala | T51: Lingkar Lengan Atas | V51: Gejala TBC | AE51: Bayi | AF51: Balita/Apras
C52: 6 Tahun) | D52: Bayi | E52: Balita | F52: Bayi | G52: Balita | H52: Lengkap | I52: Tidak Lengkap | J52: Naik | K52: Tidak Naik | L52: Gizi Baik | M52: Gizi Buruk | N52: Normal | O52: Tidak Normal | P52: Gizi Baik | Q52: Gizi Buruk | R52: Normal | S52: Tidak Normal | T52: Normal | U52: Tidak Normal | V52: 2 Gejala | W52: Asi Exclusive | X52: MP Asi | Y52: Imunisasi Bayi/Balita | Z52: Vit. A | AA52: Obat Cacing | AB52: MT Pangan Lokal | AC52: Edukasi | AE52: (0-6 bln) | AF52: (>=6 bln - 6 th)
A53: 1 | B53: 2 | C53: 3 | D53: 4 | E53: 5 | F53: 6 | G53: 7 | H53: 8 | I53: 9 | J53: 10 | K53: 11 | L53: 12 | M53: 13 | N53: 14 | O53: 15 | P53: 16 | Q53: 17 | R53: 18 | S53: 19 | T53: 20 | U53: 21 | V53: 22 | W53: 23 | X53: 24 | Y53: 25 | Z53: 26 | AA53: 27 | AB53: 28 | AC53: 29 | AD53: 30 | AE53: 31 | AF53: 32
A54: 45658 | B54: 2 | C54: 22 | D54: 2 | E54: 22 | F54: 0 | G54: 0
A55: Februai 2025 | B55: 2 | C55: 22 | D55: 2 | E55: 22 | F55: 0 | G55: 0
A56: 45717 | B56: 1 | C56: 22 | D56: 1 | E56: 22 | F56: 0 | G56: 0
A57: 45748 | B57: 1 | C57: 20 | D57: 1 | E57: 20 | F57: 0 | G57: 0
A58: 45778 | B58: 2 | C58: 19 | D58: 2 | E58: 19 | F58: 0 | G58: 0
A59: 45809 | B59: 3 | C59: 19 | D59: 3 | E59: 19 | F59: 0 | G59: 0
A60: 45839 | B60: 3 | C60: 19 | D60: 3 | E60: 19 | F60: 0 | G60: 0
A61: 45870 | B61: 3 | C61: 19 | D61: 3 | E61: 19 | F61: 0 | G61: 0
A62: 45901 | B62: 3 | C62: 19 | D62: 3 | E62: 19 | F62: 0 | G62: 0
A63: 45931 | B63: 3 | C63: 20 | D63: 3 | E63: 20 | F63: 0 | G63: 0
A64: 45962 | B64: 2 | C64: 20 | D64: 2 | E64: 20 | F64: 0 | G64: 0
A65: 45992 | B65: 1 | C65: 20 | D65: 1 | E65: 20 | F65: 0 | G65: 0
A69: REKAPITULASI USIA SEKOLAH DAN REMAJA
A70: Bulan/Tahun | B70: Jumlah Sasaran | H70: Jumlah Usia Sekolah/Remaja dengan Hasil Penimbangan/ Pengukuran/Pemeriksaan | X70: Jumlah Usia | Y70: Jumlah Usia
B71: 6-14 | C71: 15-18 | D71: Datang | F71: Tidak Datang | H71: IMT | M71: Remaja berusia ≥ 15 tahun | V71: Gejala TBC | W71: Skirining masalah | X71: Sekolah/ Remaja | Y71: Sekolah/
B72: Tahun | C72: Tahun | D72: 6-14 th | E72: 15-18 th | F72: 6-14 th | G72: 15-18 th | H72: Sangat Kurus | I72: Kurus | J72: Normal | K72: Gemuk | L72: Obesitas | M72: Lingkar Perut (cm) | N72: Tekanan Darah | Q72: Gula Darah | T72: Remaja Putri | V72: Memenuhi 2 - | W72: Kesehatan | X72: Mendapatkan | Y72: Remaja
N73: Rendah | O73: Normal | P73: Tinggi | Q73: Rendah | R73: Normal | S73: Tinggi | T73: Anemia | U73: Tidak Anemia | V73: Gejala TBC | W73: HEEADSSS | X73: Edukasi | Y73: dirujuk
A74: 1 | B74: 2 | C74: 3 | E74: 5 | F74: 6 | G74: 7 | H74: 8 | I74: 9 | J74: 10 | K74: 11 | L74: 12 | M74: 13 | N74: 14 | O74: 15 | P74: 16 | Q74: 17 | R74: 18 | S74: 19 | T74: 20 | U74: 21 | V74: 22 | W74: 23 | X74: 24 | Y74: 25
A75: 45658 | B75: 53 | C75: 21 | D75: 9 | E75: 5 | F75: 44 | G75: 16 | H75: 0 | I75: 0 | J75: 74 | K75: 0 | L75: 0 | M75: 0 | N75: 0
A76: Februai 2025 | B76: 53 | C76: 21 | D76: 10 | E76: 4 | F76: 43 | G76: 17
A77: 45717 | B77: 53 | C77: 21 | D77: 7 | E77: 7 | F77: 46 | G77: 14
A78: 45748 | B78: 53 | C78: 21 | D78: 8 | E78: 3 | F78: 45 | G78: 18
A79: 45778 | B79: 53 | C79: 21 | D79: 11 | E79: 4 | F79: 42 | G79: 17
A80: 45809 | B80: 53 | C80: 21 | D80: 6 | E80: 5 | F80: 47 | G80: 16
A81: 45839 | B81: 53 | C81: 21 | D81: 12 | E81: 8 | F81: 41 | G81: 13
A82: 45870 | B82: 53 | C82: 21 | D82: 9 | E82: 4 | F82: 44 | G82: 17
A83: 45901 | B83: 53 | C83: 21 | D83: 10 | E83: 3 | F83: 43 | G83: 18
A84: 45931 | B84: 53 | C84: 21 | D84: 8 | E84: 2 | F84: 45 | G84: 19
A85: 45962 | B85: 53 | C85: 21 | D85: 6 | E85: 4 | F85: 47 | G85: 17
A86: 45992 | B86: 53 | C86: 21 | D86: 5 | E86: 3 | F86: 50
A90: REKAPITULASI DEWASA DAN LANSIA
A91: Bulan/Tahun | B91: Hasil Penimbangan / Pengukuran / Pemeriksaan | AK91: Jumlah usia | AL91: Jumlah Usia
B92: IMT | G92: Usia Dewasa dan Lansia | R92: Skrining PUMA/PPOK Dewasa >= 40 th | T92: Lansia | AK92: Dewasa dan | AL92: Dewasa dan
B93: Sangat Kurus | C93: Kurus | D93: Normal | E93: Gemuk | F93: Obesitas | G93: Lingkar Perut (cm) | I93: Tekanan Darah | L93: Gula Darah | O93: Skrining Kesehatan Jiwa >=18 th | R93: Tinggi | S93: Normal | T93: Tingkat Ketergantungan (AKS) | Y93: Skrining Lansia Sederhana (SKILAS) | AC93: Skrining Lansia Sederhana (SKILAS) | AG93: Skrining Lansia Sederhana (SKILAS) | AK93: Lansia | AL93: Lansia
G94: Laki-laki >90cm | H94: Perempuan >80cm | I94: Rendah | J94: Normal | K94: Tinggi | L94: Rendah | M94: Normal | N94: Tinggi | O94: Kesehatan Jiwa | T94: Kategori A | U94: Kategori B | W94: Kategori C | Y94: Kognitif | AA94: Gerak | AC94: Malnutrisi | AE94: Pendengaran | AG94: Penglihatan | AI94: Depresi | AK94: mendapatkan | AL94: dirujuk
O95: <6 | P95: >=6 | Q95: Jika Pertayaan 17=ya | R95: <6 | S95: >6 | T95: M | U95: R | V95: S | W95: B | X95: T | Y95: Ya | Z95: Tidak | AA95: Ya | AB95: Tidak | AC95: Ya | AD95: Tidak | AE95: Ya | AF95: Tidak | AG95: Ya | AH95: Tidak | AI95: Ya | AJ95: Tidak | AK95: Edukasi
A96: 1 | B96: 2 | C96: 3 | D96: 4 | E96: 5 | F96: 6 | G96: 7 | H96: 8 | I96: 9 | J96: 10 | K96: 11 | L96: 12 | M96: 13 | N96: 14 | O96: 15 | P96: 16 | Q96: 17 | R96: 18 | S96: 19 | T96: 20 | U96: 21 | V96: 22 | W96: 23 | X96: 24 | Y96: 25 | Z96: 26 | AA96: 27 | AB96: 28 | AC96: 29 | AD96: 30 | AE96: 31 | AF96: 32 | AG96: 33 | AH96: 34 | AI96: 35 | AJ96: 36 | AK96: 37 | AL96: 38
A97: 45658
A98: Februai 2025
A99: 45717
A100: 45748
A101: 45778
A102: 45809
A103: 45839
A104: 45870
A105: 45901
A106: 45931
A107: 45962
A108: 45992

Sheet KES SIP 7 Kenang
A1: DATA HASIL KEGIATAN
A4: NO | B4: BULAN | C4: IBU HAMIL | F4: JUMLAH IBU MENYUSUI | G4: JUMLAH AKSEPTOR | O4: PENIMBANGAN BALITA | AA4: IMUNISASI TT IBU HAMIL | AB4: JUMLAH BAYI YANG DIIMUNISASI | AZ4: BLITA YANG MENDERITA DIARE | BD4: KETERANGAN
C5: JUMLAH | D5: DIPERIKSA | E5: FE TAB (Tablet Besi) | G5: KONDOM | H5: PIL | I5: IMPLANT | J5: MOP | K5: MOW | L5: IUD | M5: SUNTIK | N5: LAIN-LAIN | O5: JML BALITA (S) | Q5: JML BALITA YANG MEMILIKI KMS (K) | S5: JML BALITA YANG DITIMBANG (D) | U5: JML BALTA YANG NAIK (N) | W5: JML BALITA YG MENDAPAT VIT. A | Y5: JML BALITA YG MENDAPATKAN PMT | AB5: BCG | AD5: DPT | AJ5: POLIO | AR5: CAMPAK | AT5: HEPATITIS B | AZ5: JUMLAH | BB5: YANG MENDAPATKAN ORALIT
AD7: I | AF7: II | AH7: III | AJ7: I | AL7: II | AN7: III | AP7: IV | AT7: I | AV7: II | AX7: III
O9: L | P9: P | Q9: L | R9: P | S9: L | T9: P | U9: L | V9: P | W9: L | X9: P | Y9: L | Z9: P | AB9: L | AC9: P | AD9: L | AE9: P | AF9: L | AG9: P | AH9: L | AI9: P | AJ9: L | AK9: P | AL9: L | AM9: P | AN9: L | AO9: P | AP9: L | AQ9: P | AR9: L | AS9: P | AT9: L | AU9: P | AV9: L | AW9: P | AX9: L | AY9: P | AZ9: L | BA9: P | BB9: L | BC9: P
A10: 1 | B10: 2 | C10: 3 | D10: 4 | E10: 5 | F10: 6 | G10: 7 | H10: 8 | I10: 9 | J10: 10 | K10: 11 | L10: 12 | M10: 13 | N10: 14 | O10: 15 | P10: 16 | Q10: 17 | R10: 18 | S10: 19 | T10: 20 | U10: 21 | V10: 22 | W10: 23 | X10: 24 | Y10: 25 | Z10: 26 | AA10: 27 | AB10: 28 | AC10: 29 | AD10: 30 | AE10: 31 | AF10: 32 | AG10: 33 | AH10: 34 | AI10: 35 | AJ10: 36 | AK10: 37 | AL10: 38 | AM10: 39 | AN10: 40 | AO10: 41 | AP10: 42 | AQ10: 43 | AR10: 44 | AS10: 45 | AT10: 46 | AU10: 47 | AV10: 48 | AW10: 49 | AX10: 50 | AY10: 51 | AZ10: 52 | BA10: 53 | BB10: 54 | BC10: 55 | BD10: 56
A11: 1 | B11: JANUARI | D11: ='KES SIP 6 BUMIMAS'!Z10 -> 23
A12: 2 | B12: FEBRUARI | D12: ='KES SIP 6 BUMIMAS'!Z11 -> 0
A13: 3 | B13: MARET | D13: ='KES SIP 6 BUMIMAS'!Z12 -> 0
A14: 4 | B14: APRIL | D14: ='KES SIP 6 BUMIMAS'!Z13 -> 0
A15: 5 | B15: MEI | D15: ='KES SIP 6 BUMIMAS'!Z14 -> 0
A16: 6 | B16: JUNI | D16: ='KES SIP 6 BUMIMAS'!Z15 -> 0
A17: 7 | B17: JULI | D17: ='KES SIP 6 BUMIMAS'!Z16 -> 0
A18: 8 | B18: AGUSTUS | D18: ='KES SIP 6 BUMIMAS'!Z17 -> 0
A19: 9 | B19: SEPTEMBER | D19: ='KES SIP 6 BUMIMAS'!Z18 -> 0
A20: 10 | B20: OKTOBER | D20: ='KES SIP 6 BUMIMAS'!Z19 -> 0
A21: 11 | B21: NOVEMBER | D21: ='KES SIP 6 BUMIMAS'!Z20 -> 0
A22: 12 | B22: DESEMBER | D22: ='KES SIP 6 BUMIMAS'!Z21 -> 0
A23: JUMLAH | C23: =SUM(C11:C22) -> 0 | D23: =SUM(D11:D22) -> 23 | E23: =SUM(E11:E22) -> 0 | F23: =SUM(F11:F22) -> 0 | G23: =SUM(G11:G22) -> 0 | H23: =SUM(H11:H22) -> 0 | I23: =SUM(I11:I22) -> 0 | J23: =SUM(J11:J22) -> 0 | ... BD23: =SUM(BD11:BD22) -> 0
A26: HASIL PEMERIKSAAN SASARAN
A29: REKAPITULASI IBU HAMIL/NIFAS/MENYUSUI
A30: Bulan/Tahun | B30: Ibu Hamil | C30: Ibu Menyusui | D30: Jumlah Sasaran | H30: Jumlah Ibu Hamil/Nifas/Menyusui dengan Hasil Penimbangan/Pengukuran/Pemeriksaan | O30: TTD | R30: PMT BUMIL KEK | U30: Jumlah Ibu Hamil Mengikuti Kelas | W30: Jumlah Ibu Nifas Mendapatkan Vit.A | Y30: Jumlah Ibu Nifas/Menyusui | AA30: Jumlah Ibu Hamil/Nifas/Menyusui | AB30: Jumlah Sasaran yang Dirujuk
D31: Datang | F31: Tidak Datang | H31: Berat Badan | J31: Lingkar Lengan Atas | L31: Tekanan Darah | N31: Gejala TBC | O31: Jumlah Ibu Hamil | P31: Ibu Hamil Konsumsi TTD | R31: Jumlah Ibu Hamil | S31: Ibu Hamil Konsumsi PMT | Y31: Mengikuti KB Pasca Persalinan | AA31: Mendapatkan Edukasi
D32: Ibu Hamil | E32: Ibu Menyusui | F32: Ibu Hamil | G32: Ibu Menyusui | H32: Hijau | I32: Merah | J32: Hijau | K32: Merah/KEK | L32: Hijau | M32: Merah | O32: Mendapatkan TTD | P32: Tiap Hari | Q32: Tidak | R32: Mendapatkan PMT | S32: Tiap Hari | T32: Tidak | U32: Ya | V32: Tidak | W32: Ya | X32: Tidak | Y32: Ya | Z32: Tidak | AB32: Ibu Hamil | AC32: Ibu Nifas/menyusui
A33: 1 | B33: 2 | C33: 3 | D33: 4 | E33: 5 | F33: 6 | G33: 7 | H33: 8 | I33: 9 | J33: 10 | K33: 11 | L33: 12 | M33: 13 | N33: 14 | O33: 15 | P33: 16 | Q33: 17 | R33: 18 | S33: 19 | T33: 20 | U33: 21 | V33: 22 | W33: 23 | X33: 24 | Y33: 25 | Z33: 26 | AA33: 27 | AB33: 28 | AC33: 29
A34: 45658
A35: 45689
A36: 45717
A37: 45748
A38: 45778
A39: 45809
A40: 45839
A41: 45870
A42: 45901
A43: 45931
A44: 45962
A45: 45992
A49: REKAPITULASI BAYI, BALITA DAN APRAS
A50: Bulan/Tahun | B50: Bayi | C50: Balita & Apras | D50: Jumlah Sasaran | H50: Jumlah Bayi/Balita/Apras dengan Hasil Penimbangan dan Pengukuran/Pemantauan/Pemeriksaan | W50: Jumlah Bayi dan Balita | AD50: Jumlah Balita Sakit | AE50: Jumlah Sasaran Dirujuk
B51: (0-6 bulan) | C51: (26 bulan - | D51: Datang | F51: Tidak Datang | H51: Balita dg Ceklis Perkembangan | J51: BB U(0-5 th) | N51: Hasil Pengukuran PB/TB/Umur 0-5 th | P51: Hasil Pengukuran BB/TP atau BB/TB | R51: Hasil Pengukuran Lingkar Kepala | T51: Lingkar Lengan Atas | V51: Gejala TBC | AE51: Bayi | AF51: Balita/Apras
C52: 6 Tahun) | D52: Bayi | E52: Balita | F52: Bayi | G52: Balita | H52: Lengkap | I52: Tidak Lengkap | J52: Naik | K52: Tidak Naik | L52: Gizi Baik | M52: Gizi Buruk | N52: Normal | O52: Tidak Normal | P52: Gizi Baik | Q52: Gizi Buruk | R52: Normal | S52: Tidak Normal | T52: Normal | U52: Tidak Normal | V52: 2 Gejala | W52: Asi Exclusive | X52: MP Asi | Y52: Imunisasi Bayi/Balita | Z52: Vit. A | AA52: Obat Cacing | AB52: MT Pangan Lokal | AC52: Edukasi | AE52: (0-6 bln) | AF52: (>=6 bln - 6 th)
A53: 1 | B53: 2 | C53: 3 | D53: 4 | E53: 5 | F53: 6 | G53: 7 | H53: 8 | I53: 9 | J53: 10 | K53: 11 | L53: 12 | M53: 13 | N53: 14 | O53: 15 | P53: 16 | Q53: 17 | R53: 18 | S53: 19 | T53: 20 | U53: 21 | V53: 22 | W53: 23 | X53: 24 | Y53: 25 | Z53: 26 | AA53: 27 | AB53: 28 | AC53: 29 | AD53: 30 | AE53: 31 | AF53: 32
A54: 45658
A55: Februai 2025
A56: 45717
A57: 45748
A58: 45778
A59: 45809
A60: 45839
A61: 45870
A62: 45901
A63: 45931
A64: 45962
A65: 45992
A69: REKAPITULASI USIA SEKOLAH DAN REMAJA
A70: Bulan/Tahun | B70: Jumlah Sasaran | H70: Jumlah Usia Sekolah/Remaja dengan Hasil Penimbangan/ Pengukuran/Pemeriksaan | X70: Jumlah Usia | Y70: Jumlah Usia
B71: 6-14 | C71: 15-18 | D71: Datang | F71: Tidak Datang | H71: IMT | M71: Remaja berusia ≥ 15 tahun | V71: Gejala TBC | W71: Skirining masalah | X71: Sekolah/ Remaja | Y71: Sekolah/
B72: Tahun | C72: Tahun | D72: 6-14 th | E72: 15-18 th | F72: 6-14 th | G72: 15-18 th | H72: Sangat Kurus | I72: Kurus | J72: Normal | K72: Gemuk | L72: Obesitas | M72: Lingkar Perut (cm) | N72: Tekanan Darah | Q72: Gula Darah | T72: Remaja Putri | V72: Memenuhi 2 - | W72: Kesehatan | X72: Mendapatkan | Y72: Remaja
N73: Rendah | O73: Normal | P73: Tinggi | Q73: Rendah | R73: Normal | S73: Tinggi | T73: Anemia | U73: Tidak Anemia | V73: Gejala TBC | W73: HEEADSSS | X73: Edukasi | Y73: dirujuk
A74: 1 | B74: 2 | C74: 3 | E74: 5 | F74: 6 | G74: 7 | H74: 8 | I74: 9 | J74: 10 | K74: 11 | L74: 12 | M74: 13 | N74: 14 | O74: 15 | P74: 16 | Q74: 17 | R74: 18 | S74: 19 | T74: 20 | U74: 21 | V74: 22 | W74: 23 | X74: 24 | Y74: 25
A75: 45658
A76: Februai 2025
A77: 45717
A78: 45748
A79: 45778
A80: 45809
A81: 45839
A82: 45870
A83: 45901
A84: 45931
A85: 45962
A86: 45992
A90: REKAPITULASI DEWASA DAN LANSIA
A91: Bulan/Tahun | B91: Hasil Penimbangan / Pengukuran / Pemeriksaan | AK91: Jumlah usia | AL91: Jumlah Usia
B92: IMT | G92: Usia Dewasa dan Lansia | R92: Skrining PUMA/PPOK Dewasa >= 40 th | T92: Lansia | AK92: Dewasa dan | AL92: Dewasa dan
B93: Sangat Kurus | C93: Kurus | D93: Normal | E93: Gemuk | F93: Obesitas | G93: Lingkar Perut (cm) | I93: Tekanan Darah | L93: Gula Darah | O93: Skrining Kesehatan Jiwa >=18 th | R93: Tinggi | S93: Normal | T93: Tingkat Ketergantungan (AKS) | Y93: Skrining Lansia Sederhana (SKILAS) | AC93: Skrining Lansia Sederhana (SKILAS) | AG93: Skrining Lansia Sederhana (SKILAS) | AK93: Lansia | AL93: Lansia
G94: Laki-laki >90cm | H94: Perempuan >80cm | I94: Rendah | J94: Normal | K94: Tinggi | L94: Rendah | M94: Normal | N94: Tinggi | O94: Kesehatan Jiwa | T94: Kategori A | U94: Kategori B | W94: Kategori C | Y94: Kognitif | AA94: Gerak | AC94: Malnutrisi | AE94: Pendengaran | AG94: Penglihatan | AI94: Depresi | AK94: mendapatkan | AL94: dirujuk
O95: <6 | P95: >=6 | Q95: Jika Pertayaan 17=ya | R95: <6 | S95: >6 | T95: M | U95: R | V95: S | W95: B | X95: T | Y95: Ya | Z95: Tidak | AA95: Ya | AB95: Tidak | AC95: Ya | AD95: Tidak | AE95: Ya | AF95: Tidak | AG95: Ya | AH95: Tidak | AI95: Ya | AJ95: Tidak | AK95: Edukasi
A96: 1 | B96: 2 | C96: 3 | D96: 4 | E96: 5 | F96: 6 | G96: 7 | H96: 8 | I96: 9 | J96: 10 | K96: 11 | L96: 12 | M96: 13 | N96: 14 | O96: 15 | P96: 16 | Q96: 17 | R96: 18 | S96: 19 | T96: 20 | U96: 21 | V96: 22 | W96: 23 | X96: 24 | Y96: 25 | Z96: 26 | AA96: 27 | AB96: 28 | AC96: 29 | AD96: 30 | AE96: 31 | AF96: 32 | AG96: 33 | AH96: 34 | AI96: 35 | AJ96: 36 | AK96: 37 | AL96: 38
A97: 45658
A98: Februai 2025
A99: 45717
A100: 45748
A101: 45778
A102: 45809
A103: 45839
A104: 45870
A105: 45901
A106: 45931
A107: 45962
A108: 45992

Sheet KES SIP 7 Dahlia
A1: DATA HASIL KEGIATAN
A4: NO | B4: BULAN | C4: IBU HAMIL | F4: JUMLAH IBU MENYUSUI | G4: JUMLAH AKSEPTOR | O4: PENIMBANGAN BALITA | AA4: IMUNISASI TT IBU HAMIL | AB4: JUMLAH BAYI YANG DIIMUNISASI | AZ4: BLITA YANG MENDERITA DIARE | BD4: KETERANGAN
C5: JUMLAH | D5: DIPERIKSA | E5: FE TAB (Tablet Besi) | G5: KONDOM | H5: PIL | I5: IMPLANT | J5: MOP | K5: MOW | L5: IUD | M5: SUNTIK | N5: LAIN-LAIN | O5: JML BALITA (S) | Q5: JML BALITA YANG MEMILIKI KMS (K) | S5: JML BALITA YANG DITIMBANG (D) | U5: JML BALTA YANG NAIK (N) | W5: JML BALITA YG MENDAPAT VIT. A | Y5: JML BALITA YG MENDAPATKAN PMT | AB5: BCG | AD5: DPT | AJ5: POLIO | AR5: CAMPAK | AT5: HEPATITIS B | AZ5: JUMLAH | BB5: YANG MENDAPATKAN ORALIT
AD7: I | AF7: II | AH7: III | AJ7: I | AL7: II | AN7: III | AP7: IV | AT7: I | AV7: II | AX7: III
O9: L | P9: P | Q9: L | R9: P | S9: L | T9: P | U9: L | V9: P | W9: L | X9: P | Y9: L | Z9: P | AB9: L | AC9: P | AD9: L | AE9: P | AF9: L | AG9: P | AH9: L | AI9: P | AJ9: L | AK9: P | AL9: L | AM9: P | AN9: L | AO9: P | AP9: L | AQ9: P | AR9: L | AS9: P | AT9: L | AU9: P | AV9: L | AW9: P | AX9: L | AY9: P | AZ9: L | BA9: P | BB9: L | BC9: P
A10: 1 | B10: 2 | C10: 3 | D10: 4 | E10: 5 | F10: 6 | G10: 7 | H10: 8 | I10: 9 | J10: 10 | K10: 11 | L10: 12 | M10: 13 | N10: 14 | O10: 15 | P10: 16 | Q10: 17 | R10: 18 | S10: 19 | T10: 20 | U10: 21 | V10: 22 | W10: 23 | X10: 24 | Y10: 25 | Z10: 26 | AA10: 27 | AB10: 28 | AC10: 29 | AD10: 30 | AE10: 31 | AF10: 32 | AG10: 33 | AH10: 34 | AI10: 35 | AJ10: 36 | AK10: 37 | AL10: 38 | AM10: 39 | AN10: 40 | AO10: 41 | AP10: 42 | AQ10: 43 | AR10: 44 | AS10: 45 | AT10: 46 | AU10: 47 | AV10: 48 | AW10: 49 | AX10: 50 | AY10: 51 | AZ10: 52 | BA10: 53 | BB10: 54 | BC10: 55 | BD10: 56
A11: 1 | B11: JANUARI | D11: ='KES SIP 6 BUMIMAS'!Z10 -> 23
A12: 2 | B12: FEBRUARI | D12: ='KES SIP 6 BUMIMAS'!Z11 -> 0
A13: 3 | B13: MARET | D13: ='KES SIP 6 BUMIMAS'!Z12 -> 0
A14: 4 | B14: APRIL | D14: ='KES SIP 6 BUMIMAS'!Z13 -> 0
A15: 5 | B15: MEI | D15: ='KES SIP 6 BUMIMAS'!Z14 -> 0
A16: 6 | B16: JUNI | D16: ='KES SIP 6 BUMIMAS'!Z15 -> 0
A17: 7 | B17: JULI | D17: ='KES SIP 6 BUMIMAS'!Z16 -> 0
A18: 8 | B18: AGUSTUS | D18: ='KES SIP 6 BUMIMAS'!Z17 -> 0
A19: 9 | B19: SEPTEMBER | D19: ='KES SIP 6 BUMIMAS'!Z18 -> 0
A20: 10 | B20: OKTOBER | D20: ='KES SIP 6 BUMIMAS'!Z19 -> 0
A21: 11 | B21: NOVEMBER | D21: ='KES SIP 6 BUMIMAS'!Z20 -> 0
A22: 12 | B22: DESEMBER | D22: ='KES SIP 6 BUMIMAS'!Z21 -> 0
A23: JUMLAH | C23: =SUM(C11:C22) -> 0 | D23: =SUM(D11:D22) -> 23 | E23: =SUM(E11:E22) -> 0 | F23: =SUM(F11:F22) -> 0 | G23: =SUM(G11:G22) -> 0 | H23: =SUM(H11:H22) -> 0 | I23: =SUM(I11:I22) -> 0 | J23: =SUM(J11:J22) -> 0 | ... BD23: =SUM(BD11:BD22) -> 0
A26: HASIL PEMERIKSAAN SASARAN
A29: REKAPITULASI IBU HAMIL/NIFAS/MENYUSUI
A30: Bulan/Tahun | B30: Ibu Hamil | C30: Ibu Menyusui | D30: Jumlah Sasaran | H30: Jumlah Ibu Hamil/Nifas/Menyusui dengan Hasil Penimbangan/Pengukuran/Pemeriksaan | O30: TTD | R30: PMT BUMIL KEK | U30: Jumlah Ibu Hamil Mengikuti Kelas | W30: Jumlah Ibu Nifas Mendapatkan Vit.A | Y30: Jumlah Ibu Nifas/Menyusui | AA30: Jumlah Ibu Hamil/Nifas/Menyusui | AB30: Jumlah Sasaran yang Dirujuk
D31: Datang | F31: Tidak Datang | H31: Berat Badan | J31: Lingkar Lengan Atas | L31: Tekanan Darah | N31: Gejala TBC | O31: Jumlah Ibu Hamil | P31: Ibu Hamil Konsumsi TTD | R31: Jumlah Ibu Hamil | S31: Ibu Hamil Konsumsi PMT | Y31: Mengikuti KB Pasca Persalinan | AA31: Mendapatkan Edukasi
D32: Ibu Hamil | E32: Ibu Menyusui | F32: Ibu Hamil | G32: Ibu Menyusui | H32: Hijau | I32: Merah | J32: Hijau | K32: Merah/KEK | L32: Hijau | M32: Merah | O32: Mendapatkan TTD | P32: Tiap Hari | Q32: Tidak | R32: Mendapatkan PMT | S32: Tiap Hari | T32: Tidak | U32: Ya | V32: Tidak | W32: Ya | X32: Tidak | Y32: Ya | Z32: Tidak | AB32: Ibu Hamil | AC32: Ibu Nifas/menyusui
A33: 1 | B33: 2 | C33: 3 | D33: 4 | E33: 5 | F33: 6 | G33: 7 | H33: 8 | I33: 9 | J33: 10 | K33: 11 | L33: 12 | M33: 13 | N33: 14 | O33: 15 | P33: 16 | Q33: 17 | R33: 18 | S33: 19 | T33: 20 | U33: 21 | V33: 22 | W33: 23 | X33: 24 | Y33: 25 | Z33: 26 | AA33: 27 | AB33: 28 | AC33: 29
A34: 45658
A35: 45689
A36: 45717
A37: 45748
A38: 45778
A39: 45809
A40: 45839
A41: 45870
A42: 45901
A43: 45931
A44: 45962
A45: 45992
A49: REKAPITULASI BAYI, BALITA DAN APRAS
A50: Bulan/Tahun | B50: Bayi | C50: Balita & Apras | D50: Jumlah Sasaran | H50: Jumlah Bayi/Balita/Apras dengan Hasil Penimbangan dan Pengukuran/Pemantauan/Pemeriksaan | W50: Jumlah Bayi dan Balita | AD50: Jumlah Balita Sakit | AE50: Jumlah Sasaran Dirujuk
B51: (0-6 bulan) | C51: (26 bulan - | D51: Datang | F51: Tidak Datang | H51: Balita dg Ceklis Perkembangan | J51: BB U(0-5 th) | N51: Hasil Pengukuran PB/TB/Umur 0-5 th | P51: Hasil Pengukuran BB/TP atau BB/TB | R51: Hasil Pengukuran Lingkar Kepala | T51: Lingkar Lengan Atas | V51: Gejala TBC | AE51: Bayi | AF51: Balita/Apras
C52: 6 Tahun) | D52: Bayi | E52: Balita | F52: Bayi | G52: Balita | H52: Lengkap | I52: Tidak Lengkap | J52: Naik | K52: Tidak Naik | L52: Gizi Baik | M52: Gizi Buruk | N52: Normal | O52: Tidak Normal | P52: Gizi Baik | Q52: Gizi Buruk | R52: Normal | S52: Tidak Normal | T52: Normal | U52: Tidak Normal | V52: 2 Gejala | W52: Asi Exclusive | X52: MP Asi | Y52: Imunisasi Bayi/Balita | Z52: Vit. A | AA52: Obat Cacing | AB52: MT Pangan Lokal | AC52: Edukasi | AE52: (0-6 bln) | AF52: (>=6 bln - 6 th)
A53: 1 | B53: 2 | C53: 3 | D53: 4 | E53: 5 | F53: 6 | G53: 7 | H53: 8 | I53: 9 | J53: 10 | K53: 11 | L53: 12 | M53: 13 | N53: 14 | O53: 15 | P53: 16 | Q53: 17 | R53: 18 | S53: 19 | T53: 20 | U53: 21 | V53: 22 | W53: 23 | X53: 24 | Y53: 25 | Z53: 26 | AA53: 27 | AB53: 28 | AC53: 29 | AD53: 30 | AE53: 31 | AF53: 32
A54: 45658
A55: Februai 2025
A56: 45717
A57: 45748
A58: 45778
A59: 45809
A60: 45839
A61: 45870
A62: 45901
A63: 45931
A64: 45962
A65: 45992
A69: REKAPITULASI USIA SEKOLAH DAN REMAJA
A70: Bulan/Tahun | B70: Jumlah Sasaran | H70: Jumlah Usia Sekolah/Remaja dengan Hasil Penimbangan/ Pengukuran/Pemeriksaan | X70: Jumlah Usia | Y70: Jumlah Usia
B71: 6-14 | C71: 15-18 | D71: Datang | F71: Tidak Datang | H71: IMT | M71: Remaja berusia ≥ 15 tahun | V71: Gejala TBC | W71: Skirining masalah | X71: Sekolah/ Remaja | Y71: Sekolah/
B72: Tahun | C72: Tahun | D72: 6-14 th | E72: 15-18 th | F72: 6-14 th | G72: 15-18 th | H72: Sangat Kurus | I72: Kurus | J72: Normal | K72: Gemuk | L72: Obesitas | M72: Lingkar Perut (cm) | N72: Tekanan Darah | Q72: Gula Darah | T72: Remaja Putri | V72: Memenuhi 2 - | W72: Kesehatan | X72: Mendapatkan | Y72: Remaja
N73: Rendah | O73: Normal | P73: Tinggi | Q73: Rendah | R73: Normal | S73: Tinggi | T73: Anemia | U73: Tidak Anemia | V73: Gejala TBC | W73: HEEADSSS | X73: Edukasi | Y73: dirujuk
A74: 1 | B74: 2 | C74: 3 | E74: 5 | F74: 6 | G74: 7 | H74: 8 | I74: 9 | J74: 10 | K74: 11 | L74: 12 | M74: 13 | N74: 14 | O74: 15 | P74: 16 | Q74: 17 | R74: 18 | S74: 19 | T74: 20 | U74: 21 | V74: 22 | W74: 23 | X74: 24 | Y74: 25
A75: 45658
A76: Februai 2025
A77: 45717
A78: 45748
A79: 45778
A80: 45809
A81: 45839
A82: 45870
A83: 45901
A84: 45931
A85: 45962
A86: 45992
A90: REKAPITULASI DEWASA DAN LANSIA
A91: Bulan/Tahun | B91: Hasil Penimbangan / Pengukuran / Pemeriksaan | AK91: Jumlah usia | AL91: Jumlah Usia
B92: IMT | G92: Usia Dewasa dan Lansia | R92: Skrining PUMA/PPOK Dewasa >= 40 th | T92: Lansia | AK92: Dewasa dan | AL92: Dewasa dan
B93: Sangat Kurus | C93: Kurus | D93: Normal | E93: Gemuk | F93: Obesitas | G93: Lingkar Perut (cm) | I93: Tekanan Darah | L93: Gula Darah | O93: Skrining Kesehatan Jiwa >=18 th | R93: Tinggi | S93: Normal | T93: Tingkat Ketergantungan (AKS) | Y93: Skrining Lansia Sederhana (SKILAS) | AC93: Skrining Lansia Sederhana (SKILAS) | AG93: Skrining Lansia Sederhana (SKILAS) | AK93: Lansia | AL93: Lansia
G94: Laki-laki >90cm | H94: Perempuan >80cm | I94: Rendah | J94: Normal | K94: Tinggi | L94: Rendah | M94: Normal | N94: Tinggi | O94: Kesehatan Jiwa | T94: Kategori A | U94: Kategori B | W94: Kategori C | Y94: Kognitif | AA94: Gerak | AC94: Malnutrisi | AE94: Pendengaran | AG94: Penglihatan | AI94: Depresi | AK94: mendapatkan | AL94: dirujuk
O95: <6 | P95: >=6 | Q95: Jika Pertayaan 17=ya | R95: <6 | S95: >6 | T95: M | U95: R | V95: S | W95: B | X95: T | Y95: Ya | Z95: Tidak | AA95: Ya | AB95: Tidak | AC95: Ya | AD95: Tidak | AE95: Ya | AF95: Tidak | AG95: Ya | AH95: Tidak | AI95: Ya | AJ95: Tidak | AK95: Edukasi
A96: 1 | B96: 2 | C96: 3 | D96: 4 | E96: 5 | F96: 6 | G96: 7 | H96: 8 | I96: 9 | J96: 10 | K96: 11 | L96: 12 | M96: 13 | N96: 14 | O96: 15 | P96: 16 | Q96: 17 | R96: 18 | S96: 19 | T96: 20 | U96: 21 | V96: 22 | W96: 23 | X96: 24 | Y96: 25 | Z96: 26 | AA96: 27 | AB96: 28 | AC96: 29 | AD96: 30 | AE96: 31 | AF96: 32 | AG96: 33 | AH96: 34 | AI96: 35 | AJ96: 36 | AK96: 37 | AL96: 38
A97: 45658
A98: Februai 2025
A99: 45717
A100: 45748
A101: 45778
A102: 45809
A103: 45839
A104: 45870
A105: 45901
A106: 45931
A107: 45962
A108: 45992

Sheet KES SIP 7 Melati
A1: DATA HASIL KEGIATAN
A4: NO | B4: BULAN | C4: IBU HAMIL | F4: JUMLAH IBU MENYUSUI | G4: JUMLAH AKSEPTOR | O4: PENIMBANGAN BALITA | AA4: IMUNISASI TT IBU HAMIL | AB4: JUMLAH BAYI YANG DIIMUNISASI | AZ4: BLITA YANG MENDERITA DIARE | BD4: KETERANGAN
C5: JUMLAH | D5: DIPERIKSA | E5: FE TAB (Tablet Besi) | G5: KONDOM | H5: PIL | I5: IMPLANT | J5: MOP | K5: MOW | L5: IUD | M5: SUNTIK | N5: LAIN-LAIN | O5: JML BALITA (S) | Q5: JML BALITA YANG MEMILIKI KMS (K) | S5: JML BALITA YANG DITIMBANG (D) | U5: JML BALTA YANG NAIK (N) | W5: JML BALITA YG MENDAPAT VIT. A | Y5: JML BALITA YG MENDAPATKAN PMT | AB5: BCG | AD5: DPT | AJ5: POLIO | AR5: CAMPAK | AT5: HEPATITIS B | AZ5: JUMLAH | BB5: YANG MENDAPATKAN ORALIT
AD7: I | AF7: II | AH7: III | AJ7: I | AL7: II | AN7: III | AP7: IV | AT7: I | AV7: II | AX7: III
O9: L | P9: P | Q9: L | R9: P | S9: L | T9: P | U9: L | V9: P | W9: L | X9: P | Y9: L | Z9: P | AB9: L | AC9: P | AD9: L | AE9: P | AF9: L | AG9: P | AH9: L | AI9: P | AJ9: L | AK9: P | AL9: L | AM9: P | AN9: L | AO9: P | AP9: L | AQ9: P | AR9: L | AS9: P | AT9: L | AU9: P | AV9: L | AW9: P | AX9: L | AY9: P | AZ9: L | BA9: P | BB9: L | BC9: P
A10: 1 | B10: 2 | C10: 3 | D10: 4 | E10: 5 | F10: 6 | G10: 7 | H10: 8 | I10: 9 | J10: 10 | K10: 11 | L10: 12 | M10: 13 | N10: 14 | O10: 15 | P10: 16 | Q10: 17 | R10: 18 | S10: 19 | T10: 20 | U10: 21 | V10: 22 | W10: 23 | X10: 24 | Y10: 25 | Z10: 26 | AA10: 27 | AB10: 28 | AC10: 29 | AD10: 30 | AE10: 31 | AF10: 32 | AG10: 33 | AH10: 34 | AI10: 35 | AJ10: 36 | AK10: 37 | AL10: 38 | AM10: 39 | AN10: 40 | AO10: 41 | AP10: 42 | AQ10: 43 | AR10: 44 | AS10: 45 | AT10: 46 | AU10: 47 | AV10: 48 | AW10: 49 | AX10: 50 | AY10: 51 | AZ10: 52 | BA10: 53 | BB10: 54 | BC10: 55 | BD10: 56
A11: 1 | B11: JANUARI | D11: ='KES SIP 6 BUMIMAS'!Z10 -> 23
A12: 2 | B12: FEBRUARI | D12: ='KES SIP 6 BUMIMAS'!Z11 -> 0
A13: 3 | B13: MARET | D13: ='KES SIP 6 BUMIMAS'!Z12 -> 0
A14: 4 | B14: APRIL | D14: ='KES SIP 6 BUMIMAS'!Z13 -> 0
A15: 5 | B15: MEI | D15: ='KES SIP 6 BUMIMAS'!Z14 -> 0
A16: 6 | B16: JUNI | D16: ='KES SIP 6 BUMIMAS'!Z15 -> 0
A17: 7 | B17: JULI | D17: ='KES SIP 6 BUMIMAS'!Z16 -> 0
A18: 8 | B18: AGUSTUS | D18: ='KES SIP 6 BUMIMAS'!Z17 -> 0
A19: 9 | B19: SEPTEMBER | D19: ='KES SIP 6 BUMIMAS'!Z18 -> 0
A20: 10 | B20: OKTOBER | D20: ='KES SIP 6 BUMIMAS'!Z19 -> 0
A21: 11 | B21: NOVEMBER | D21: ='KES SIP 6 BUMIMAS'!Z20 -> 0
A22: 12 | B22: DESEMBER | D22: ='KES SIP 6 BUMIMAS'!Z21 -> 0
A23: JUMLAH | C23: =SUM(C11:C22) -> 0 | D23: =SUM(D11:D22) -> 23 | E23: =SUM(E11:E22) -> 0 | F23: =SUM(F11:F22) -> 0 | G23: =SUM(G11:G22) -> 0 | H23: =SUM(H11:H22) -> 0 | I23: =SUM(I11:I22) -> 0 | J23: =SUM(J11:J22) -> 0 | ... BD23: =SUM(BD11:BD22) -> 0
A26: HASIL PEMERIKSAAN SASARAN
A29: REKAPITULASI IBU HAMIL/NIFAS/MENYUSUI
A30: Bulan/Tahun | B30: Ibu Hamil | C30: Ibu Menyusui | D30: Jumlah Sasaran | H30: Jumlah Ibu Hamil/Nifas/Menyusui dengan Hasil Penimbangan/Pengukuran/Pemeriksaan | O30: TTD | R30: PMT BUMIL KEK | U30: Jumlah Ibu Hamil Mengikuti Kelas | W30: Jumlah Ibu Nifas Mendapatkan Vit.A | Y30: Jumlah Ibu Nifas/Menyusui | AA30: Jumlah Ibu Hamil/Nifas/Menyusui | AB30: Jumlah Sasaran yang Dirujuk
D31: Datang | F31: Tidak Datang | H31: Berat Badan | J31: Lingkar Lengan Atas | L31: Tekanan Darah | N31: Gejala TBC | O31: Jumlah Ibu Hamil | P31: Ibu Hamil Konsumsi TTD | R31: Jumlah Ibu Hamil | S31: Ibu Hamil Konsumsi PMT | Y31: Mengikuti KB Pasca Persalinan | AA31: Mendapatkan Edukasi
D32: Ibu Hamil | E32: Ibu Menyusui | F32: Ibu Hamil | G32: Ibu Menyusui | H32: Hijau | I32: Merah | J32: Hijau | K32: Merah/KEK | L32: Hijau | M32: Merah | O32: Mendapatkan TTD | P32: Tiap Hari | Q32: Tidak | R32: Mendapatkan PMT | S32: Tiap Hari | T32: Tidak | U32: Ya | V32: Tidak | W32: Ya | X32: Tidak | Y32: Ya | Z32: Tidak | AB32: Ibu Hamil | AC32: Ibu Nifas/menyusui
A33: 1 | B33: 2 | C33: 3 | D33: 4 | E33: 5 | F33: 6 | G33: 7 | H33: 8 | I33: 9 | J33: 10 | K33: 11 | L33: 12 | M33: 13 | N33: 14 | O33: 15 | P33: 16 | Q33: 17 | R33: 18 | S33: 19 | T33: 20 | U33: 21 | V33: 22 | W33: 23 | X33: 24 | Y33: 25 | Z33: 26 | AA33: 27 | AB33: 28 | AC33: 29
A34: 45658
A35: 45689
A36: 45717
A37: 45748
A38: 45778
A39: 45809
A40: 45839
A41: 45870
A42: 45901
A43: 45931
A44: 45962
A45: 45992
A49: REKAPITULASI BAYI, BALITA DAN APRAS
A50: Bulan/Tahun | B50: Bayi | C50: Balita & Apras | D50: Jumlah Sasaran | H50: Jumlah Bayi/Balita/Apras dengan Hasil Penimbangan dan Pengukuran/Pemantauan/Pemeriksaan | W50: Jumlah Bayi dan Balita | AD50: Jumlah Balita Sakit | AE50: Jumlah Sasaran Dirujuk
B51: (0-6 bulan) | C51: (26 bulan - | D51: Datang | F51: Tidak Datang | H51: Balita dg Ceklis Perkembangan | J51: BB U(0-5 th) | N51: Hasil Pengukuran PB/TB/Umur 0-5 th | P51: Hasil Pengukuran BB/TP atau BB/TB | R51: Hasil Pengukuran Lingkar Kepala | T51: Lingkar Lengan Atas | V51: Gejala TBC | AE51: Bayi | AF51: Balita/Apras
C52: 6 Tahun) | D52: Bayi | E52: Balita | F52: Bayi | G52: Balita | H52: Lengkap | I52: Tidak Lengkap | J52: Naik | K52: Tidak Naik | L52: Gizi Baik | M52: Gizi Buruk | N52: Normal | O52: Tidak Normal | P52: Gizi Baik | Q52: Gizi Buruk | R52: Normal | S52: Tidak Normal | T52: Normal | U52: Tidak Normal | V52: 2 Gejala | W52: Asi Exclusive | X52: MP Asi | Y52: Imunisasi Bayi/Balita | Z52: Vit. A | AA52: Obat Cacing | AB52: MT Pangan Lokal | AC52: Edukasi | AE52: (0-6 bln) | AF52: (>=6 bln - 6 th)
A53: 1 | B53: 2 | C53: 3 | D53: 4 | E53: 5 | F53: 6 | G53: 7 | H53: 8 | I53: 9 | J53: 10 | K53: 11 | L53: 12 | M53: 13 | N53: 14 | O53: 15 | P53: 16 | Q53: 17 | R53: 18 | S53: 19 | T53: 20 | U53: 21 | V53: 22 | W53: 23 | X53: 24 | Y53: 25 | Z53: 26 | AA53: 27 | AB53: 28 | AC53: 29 | AD53: 30 | AE53: 31 | AF53: 32
A54: 45658
A55: Februai 2025
A56: 45717
A57: 45748
A58: 45778
A59: 45809
A60: 45839
A61: 45870
A62: 45901
A63: 45931
A64: 45962
A65: 45992
A69: REKAPITULASI USIA SEKOLAH DAN REMAJA
A70: Bulan/Tahun | B70: Jumlah Sasaran | H70: Jumlah Usia Sekolah/Remaja dengan Hasil Penimbangan/ Pengukuran/Pemeriksaan | X70: Jumlah Usia | Y70: Jumlah Usia
B71: 6-14 | C71: 15-18 | D71: Datang | F71: Tidak Datang | H71: IMT | M71: Remaja berusia ≥ 15 tahun | V71: Gejala TBC | W71: Skirining masalah | X71: Sekolah/ Remaja | Y71: Sekolah/
B72: Tahun | C72: Tahun | D72: 6-14 th | E72: 15-18 th | F72: 6-14 th | G72: 15-18 th | H72: Sangat Kurus | I72: Kurus | J72: Normal | K72: Gemuk | L72: Obesitas | M72: Lingkar Perut (cm) | N72: Tekanan Darah | Q72: Gula Darah | T72: Remaja Putri | V72: Memenuhi 2 - | W72: Kesehatan | X72: Mendapatkan | Y72: Remaja
N73: Rendah | O73: Normal | P73: Tinggi | Q73: Rendah | R73: Normal | S73: Tinggi | T73: Anemia | U73: Tidak Anemia | V73: Gejala TBC | W73: HEEADSSS | X73: Edukasi | Y73: dirujuk
A74: 1 | B74: 2 | C74: 3 | E74: 5 | F74: 6 | G74: 7 | H74: 8 | I74: 9 | J74: 10 | K74: 11 | L74: 12 | M74: 13 | N74: 14 | O74: 15 | P74: 16 | Q74: 17 | R74: 18 | S74: 19 | T74: 20 | U74: 21 | V74: 22 | W74: 23 | X74: 24 | Y74: 25
A75: 45658
A76: Februai 2025
A77: 45717
A78: 45748
A79: 45778
A80: 45809
A81: 45839
A82: 45870
A83: 45901
A84: 45931
A85: 45962
A86: 45992
A90: REKAPITULASI DEWASA DAN LANSIA
A91: Bulan/Tahun | B91: Hasil Penimbangan / Pengukuran / Pemeriksaan | AK91: Jumlah usia | AL91: Jumlah Usia
B92: IMT | G92: Usia Dewasa dan Lansia | R92: Skrining PUMA/PPOK Dewasa >= 40 th | T92: Lansia | AK92: Dewasa dan | AL92: Dewasa dan
B93: Sangat Kurus | C93: Kurus | D93: Normal | E93: Gemuk | F93: Obesitas | G93: Lingkar Perut (cm) | I93: Tekanan Darah | L93: Gula Darah | O93: Skrining Kesehatan Jiwa >=18 th | R93: Tinggi | S93: Normal | T93: Tingkat Ketergantungan (AKS) | Y93: Skrining Lansia Sederhana (SKILAS) | AC93: Skrining Lansia Sederhana (SKILAS) | AG93: Skrining Lansia Sederhana (SKILAS) | AK93: Lansia | AL93: Lansia
G94: Laki-laki >90cm | H94: Perempuan >80cm | I94: Rendah | J94: Normal | K94: Tinggi | L94: Rendah | M94: Normal | N94: Tinggi | O94: Kesehatan Jiwa | T94: Kategori A | U94: Kategori B | W94: Kategori C | Y94: Kognitif | AA94: Gerak | AC94: Malnutrisi | AE94: Pendengaran | AG94: Penglihatan | AI94: Depresi | AK94: mendapatkan | AL94: dirujuk
O95: <6 | P95: >=6 | Q95: Jika Pertayaan 17=ya | R95: <6 | S95: >6 | T95: M | U95: R | V95: S | W95: B | X95: T | Y95: Ya | Z95: Tidak | AA95: Ya | AB95: Tidak | AC95: Ya | AD95: Tidak | AE95: Ya | AF95: Tidak | AG95: Ya | AH95: Tidak | AI95: Ya | AJ95: Tidak | AK95: Edukasi
A96: 1 | B96: 2 | C96: 3 | D96: 4 | E96: 5 | F96: 6 | G96: 7 | H96: 8 | I96: 9 | J96: 10 | K96: 11 | L96: 12 | M96: 13 | N96: 14 | O96: 15 | P96: 16 | Q96: 17 | R96: 18 | S96: 19 | T96: 20 | U96: 21 | V96: 22 | W96: 23 | X96: 24 | Y96: 25 | Z96: 26 | AA96: 27 | AB96: 28 | AC96: 29 | AD96: 30 | AE96: 31 | AF96: 32 | AG96: 33 | AH96: 34 | AI96: 35 | AJ96: 36 | AK96: 37 | AL96: 38
A97: 45658
A98: Februai 2025
A99: 45717
A100: 45748
A101: 45778
A102: 45809
A103: 45839
A104: 45870
A105: 45901
A106: 45931
A107: 45962
A108: 45992

Sheet KES SIP 7 Bumimas
A1: DATA HASIL KEGIATAN
A4: NO | B4: BULAN | C4: IBU HAMIL | F4: JUMLAH IBU MENYUSUI | G4: JUMLAH AKSEPTOR | O4: PENIMBANGAN BALITA | AA4: IMUNISASI TT IBU HAMIL | AB4: JUMLAH BAYI YANG DIIMUNISASI | AZ4: BLITA YANG MENDERITA DIARE | BD4: KETERANGAN
C5: JUMLAH | D5: DIPERIKSA | E5: FE TAB (Tablet Besi) | G5: KONDOM | H5: PIL | I5: IMPLANT | J5: MOP | K5: MOW | L5: IUD | M5: SUNTIK | N5: LAIN-LAIN | O5: JML BALITA (S) | Q5: JML BALITA YANG MEMILIKI KMS (K) | S5: JML BALITA YANG DITIMBANG (D) | U5: JML BALTA YANG NAIK (N) | W5: JML BALITA YG MENDAPAT VIT. A | Y5: JML BALITA YG MENDAPATKAN PMT | AB5: BCG | AD5: DPT | AJ5: POLIO | AR5: CAMPAK | AT5: HEPATITIS B | AZ5: JUMLAH | BB5: YANG MENDAPATKAN ORALIT
AD7: I | AF7: II | AH7: III | AJ7: I | AL7: II | AN7: III | AP7: IV | AT7: I | AV7: II | AX7: III
O9: L | P9: P | Q9: L | R9: P | S9: L | T9: P | U9: L | V9: P | W9: L | X9: P | Y9: L | Z9: P | AB9: L | AC9: P | AD9: L | AE9: P | AF9: L | AG9: P | AH9: L | AI9: P | AJ9: L | AK9: P | AL9: L | AM9: P | AN9: L | AO9: P | AP9: L | AQ9: P | AR9: L | AS9: P | AT9: L | AU9: P | AV9: L | AW9: P | AX9: L | AY9: P | AZ9: L | BA9: P | BB9: L | BC9: P
A10: 1 | B10: 2 | C10: 3 | D10: 4 | E10: 5 | F10: 6 | G10: 7 | H10: 8 | I10: 9 | J10: 10 | K10: 11 | L10: 12 | M10: 13 | N10: 14 | O10: 15 | P10: 16 | Q10: 17 | R10: 18 | S10: 19 | T10: 20 | U10: 21 | V10: 22 | W10: 23 | X10: 24 | Y10: 25 | Z10: 26 | AA10: 27 | AB10: 28 | AC10: 29 | AD10: 30 | AE10: 31 | AF10: 32 | AG10: 33 | AH10: 34 | AI10: 35 | AJ10: 36 | AK10: 37 | AL10: 38 | AM10: 39 | AN10: 40 | AO10: 41 | AP10: 42 | AQ10: 43 | AR10: 44 | AS10: 45 | AT10: 46 | AU10: 47 | AV10: 48 | AW10: 49 | AX10: 50 | AY10: 51 | AZ10: 52 | BA10: 53 | BB10: 54 | BC10: 55 | BD10: 56
A11: 1 | B11: JANUARI | C11: 14 | D11: =C11 -> 14 | E11: =D11 -> 14 | F11: 33 | G11: 3 | H11: 55 | I11: 30 | J11: 1 | K11: 30 | L11: 35 | M11: 188 | N11: 0 | S11: =10+58 -> 68 | T11: =15+52 -> 67
A12: 2 | B12: FEBRUARI | C12: 17 | D12: =C12 -> 17 | E12: =D12 -> 17 | F12: 43 | G12: 12 | H12: 55 | I12: 30 | J12: 1 | K12: 30 | L12: 35 | M12: 180 | N12: 0 | S12: =14+58 -> 72 | T12: =26+59 -> 85
A13: 3 | B13: MARET | C13: 19 | D13: =C13 -> 19 | E13: =D13 -> 19 | F13: 42 | G13: 12 | H13: 55 | I13: 30 | J13: 1 | K13: 30 | L13: 35 | M13: 180 | N13: 0 | S13: =15+57 -> 72 | T13: =28+58 -> 86
A14: 4 | B14: APRIL | C14: 18 | D14: =C14 -> 18 | E14: =D14 -> 18 | F14: 39 | G14: 12 | H14: 55 | I14: 30 | J14: 1 | K14: 30 | L14: 35 | M14: 180 | N14: 0 | S14: =15+56 -> 71 | T14: =21+48 -> 69
A15: 5 | B15: MEI | C15: 14 | D15: =C15 -> 14 | E15: =D15 -> 14 | F15: 46 | G15: 12 | H15: 55 | I15: 30 | J15: 1 | K15: 30 | L15: 35 | M15: 180 | N15: 0 | S15: =14+59 -> 73 | T15: =21+54 -> 75
A16: 6 | B16: JUNI | C16: 11 | D16: =C16 -> 11 | E16: =D16 -> 11 | F16: 49 | G16: 12 | H16: 55 | I16: 31 | J16: 1 | K16: 30 | L16: 35 | M16: 180 | N16: 0 | S16: =8+56 -> 64 | T16: =24+49 -> 73
A17: 7 | B17: JULI | C17: 10 | D17: =C17 -> 10 | E17: =D17 -> 10 | F17: 43 | G17: 12 | H17: 55 | I17: 32 | J17: 1 | K17: 30 | L17: 35 | M17: 180 | N17: 0 | S17: =7+60 -> 67 | T17: =4+57 -> 61
A18: 8 | B18: AGUSTUS | C18: 8 | D18: =C18 -> 8 | E18: =D18 -> 8 | F18: 45 | G18: 4 | H18: 55 | I18: 32 | J18: 1 | K18: 30 | L18: 35 | M18: 180 | N18: 0 | S18: =11+57 -> 68 | T18: =7+48 -> 55
A19: 9 | B19: SEPTEMBER | C19: 13 | D19: =C19 -> 13 | E19: =D19 -> 13 | F19: 41 | G19: 4 | H19: 55 | I19: 32 | J19: 1 | K19: 30 | L19: 35 | M19: 180 | N19: 0 | S19: =11+56 -> 67 | T19: =9+55 -> 64
A20: 10 | B20: OKTOBER | C20: 13 | D20: =C20 -> 13 | E20: =D20 -> 13 | F20: 43 | G20: 4 | H20: 55 | I20: 33 | J20: 1 | K20: 32 | L20: 35 | M20: 180 | N20: 0 | S20: =11+55 -> 66 | T20: =9+55 -> 64
A21: 11 | B21: NOVEMBER | C21: 12 | D21: =C21 -> 12 | E21: =D21 -> 12 | F21: 34 | G21: 3 | H21: 55 | I21: 33 | J21: 1 | K21: 32 | L21: 35 | M21: 180 | N21: 0 | S21: =11+57 -> 68 | T21: =5+54 -> 59
A22: 12 | B22: DESEMBER | C22: 12 | D22: =C22 -> 12 | E22: =D22 -> 12 | F22: 33 | G22: 3 | H22: 55 | I22: 33 | J22: 1 | K22: 32 | L22: 35 | M22: 180 | N22: 0
A23: JUMLAH | C23: =SUM(C11:C22) -> 161 | D23: =SUM(D11:D22) -> 161 | E23: =SUM(E11:E22) -> 161 | F23: =SUM(F11:F22) -> 491 | G23: =SUM(G11:G22) -> 93 | H23: =SUM(H11:H22) -> 660 | I23: =SUM(I11:I22) -> 376 | J23: =SUM(J11:J22) -> 12 | ... BD23: =SUM(BD11:BD22) -> 0
A26: HASIL PEMERIKSAAN SASARAN | C26: /.
A29: REKAPITULASI IBU HAMIL/NIFAS/MENYUSUI
A30: Bulan/Tahun | B30: Ibu Hamil | C30: Ibu Menyusui | D30: Jumlah Sasaran | H30: Jumlah Ibu Hamil/Nifas/Menyusui dengan Hasil Penimbangan/Pengukuran/Pemeriksaan | O30: TTD | R30: PMT BUMIL KEK | U30: Jumlah Ibu Hamil Mengikuti Kelas | W30: Jumlah Ibu Nifas Mendapatkan Vit.A | Y30: Jumlah Ibu Nifas/Menyusui | AA30: Jumlah Ibu Hamil/Nifas/Menyusui | AB30: Jumlah Sasaran yang Dirujuk
D31: Datang | F31: Tidak Datang | H31: Berat Badan | J31: Lingkar Lengan Atas | L31: Tekanan Darah | N31: Gejala TBC | O31: Jumlah Ibu Hamil | P31: Ibu Hamil Konsumsi TTD | R31: Jumlah Ibu Hamil | S31: Ibu Hamil Konsumsi PMT | Y31: Mengikuti KB Pasca Persalinan | AA31: Mendapatkan Edukasi
D32: Ibu Hamil | E32: Ibu Menyusui | F32: Ibu Hamil | G32: Ibu Menyusui | H32: Hijau | I32: Merah | J32: Hijau | K32: Merah/KEK | L32: Hijau | M32: Merah | O32: Mendapatkan TTD | P32: Tiap Hari | Q32: Tidak | R32: Mendapatkan PMT | S32: Tiap Hari | T32: Tidak | U32: Ya | V32: Tidak | W32: Ya | X32: Tidak | Y32: Ya | Z32: Tidak | AB32: Ibu Hamil | AC32: Ibu Nifas/menyusui
A33: 1 | B33: 2 | C33: 3 | D33: 4 | E33: 5 | F33: 6 | G33: 7 | H33: 8 | I33: 9 | J33: 10 | K33: 11 | L33: 12 | M33: 13 | N33: 14 | O33: 15 | P33: 16 | Q33: 17 | R33: 18 | S33: 19 | T33: 20 | U33: 21 | V33: 22 | W33: 23 | X33: 24 | Y33: 25 | Z33: 26 | AA33: 27 | AB33: 28 | AC33: 29
A34: 45658
A35: 45689
A36: 45717
A37: 45748
A38: 45778
A39: 45809
A40: 45839
A41: 45870
A42: 45901
A43: 45931
A44: 45962
A45: 45992
A49: REKAPITULASI BAYI, BALITA DAN APRAS
A50: Bulan/Tahun | B50: Bayi | C50: Balita & Apras | D50: Jumlah Sasaran | H50: Jumlah Bayi/Balita/Apras dengan Hasil Penimbangan dan Pengukuran/Pemantauan/Pemeriksaan | W50: Jumlah Bayi dan Balita | AD50: Jumlah Balita Sakit | AE50: Jumlah Sasaran Dirujuk
B51: (0-6 bulan) | C51: (26 bulan - | D51: Datang | F51: Tidak Datang | H51: Balita dg Ceklis Perkembangan | J51: BB U(0-5 th) | N51: Hasil Pengukuran PB/TB/Umur 0-5 th | P51: Hasil Pengukuran BB/TP atau BB/TB | R51: Hasil Pengukuran Lingkar Kepala | T51: Lingkar Lengan Atas | V51: Gejala TBC | AE51: Bayi | AF51: Balita/Apras
C52: 6 Tahun) | D52: Bayi | E52: Balita | F52: Bayi | G52: Balita | H52: Lengkap | I52: Tidak Lengkap | J52: Naik | K52: Tidak Naik | L52: Gizi Baik | M52: Gizi Buruk | N52: Normal | O52: Tidak Normal | P52: Gizi Baik | Q52: Gizi Buruk | R52: Normal | S52: Tidak Normal | T52: Normal | U52: Tidak Normal | V52: 2 Gejala | W52: Asi Exclusive | X52: MP Asi | Y52: Imunisasi Bayi/Balita | Z52: Vit. A | AA52: Obat Cacing | AB52: MT Pangan Lokal | AC52: Edukasi | AE52: (0-6 bln) | AF52: (>=6 bln - 6 th)
A53: 1 | B53: 2 | C53: 3 | D53: 4 | E53: 5 | F53: 6 | G53: 7 | H53: 8 | I53: 9 | J53: 10 | K53: 11 | L53: 12 | M53: 13 | N53: 14 | O53: 15 | P53: 16 | Q53: 17 | R53: 18 | S53: 19 | T53: 20 | U53: 21 | V53: 22 | W53: 23 | X53: 24 | Y53: 25 | Z53: 26 | AA53: 27 | AB53: 28 | AC53: 29 | AD53: 30 | AE53: 31 | AF53: 32
A54: 45658
A55: Februai 2025
A56: 45717
A57: 45748
A58: 45778
A59: 45809
A60: 45839
A61: 45870
A62: 45901
A63: 45931
A64: 45962
A65: 45992
A69: REKAPITULASI USIA SEKOLAH DAN REMAJA
A70: Bulan/Tahun | B70: Jumlah Sasaran | H70: Jumlah Usia Sekolah/Remaja dengan Hasil Penimbangan/ Pengukuran/Pemeriksaan | X70: Jumlah Usia | Y70: Jumlah Usia
B71: 6-14 | C71: 15-18 | D71: Datang | F71: Tidak Datang | H71: IMT | M71: Remaja berusia ≥ 15 tahun | V71: Gejala TBC | W71: Skirining masalah | X71: Sekolah/ Remaja | Y71: Sekolah/
B72: Tahun | C72: Tahun | D72: 6-14 th | E72: 15-18 th | F72: 6-14 th | G72: 15-18 th | H72: Sangat Kurus | I72: Kurus | J72: Normal | K72: Gemuk | L72: Obesitas | M72: Lingkar Perut (cm) | N72: Tekanan Darah | Q72: Gula Darah | T72: Remaja Putri | V72: Memenuhi 2 - | W72: Kesehatan | X72: Mendapatkan | Y72: Remaja
N73: Rendah | O73: Normal | P73: Tinggi | Q73: Rendah | R73: Normal | S73: Tinggi | T73: Anemia | U73: Tidak Anemia | V73: Gejala TBC | W73: HEEADSSS | X73: Edukasi | Y73: dirujuk
A74: 1 | B74: 2 | C74: 3 | E74: 5 | F74: 6 | G74: 7 | H74: 8 | I74: 9 | J74: 10 | K74: 11 | L74: 12 | M74: 13 | N74: 14 | O74: 15 | P74: 16 | Q74: 17 | R74: 18 | S74: 19 | T74: 20 | U74: 21 | V74: 22 | W74: 23 | X74: 24 | Y74: 25
A75: 45658
A76: Februai 2025
A77: 45717
A78: 45748
A79: 45778
A80: 45809
A81: 45839
A82: 45870
A83: 45901
A84: 45931
A85: 45962
A86: 45992
A90: REKAPITULASI DEWASA DAN LANSIA
A91: Bulan/Tahun | B91: Hasil Penimbangan / Pengukuran / Pemeriksaan | AK91: Jumlah usia | AL91: Jumlah Usia
B92: IMT | G92: Usia Dewasa dan Lansia | R92: Skrining PUMA/PPOK Dewasa >= 40 th | T92: Lansia | AK92: Dewasa dan | AL92: Dewasa dan
B93: Sangat Kurus | C93: Kurus | D93: Normal | E93: Gemuk | F93: Obesitas | G93: Lingkar Perut (cm) | I93: Tekanan Darah | L93: Gula Darah | O93: Skrining Kesehatan Jiwa >=18 th | R93: Tinggi | S93: Normal | T93: Tingkat Ketergantungan (AKS) | Y93: Skrining Lansia Sederhana (SKILAS) | AC93: Skrining Lansia Sederhana (SKILAS) | AG93: Skrining Lansia Sederhana (SKILAS) | AK93: Lansia | AL93: Lansia
G94: Laki-laki >90cm | H94: Perempuan >80cm | I94: Rendah | J94: Normal | K94: Tinggi | L94: Rendah | M94: Normal | N94: Tinggi | O94: Kesehatan Jiwa | T94: Kategori A | U94: Kategori B | W94: Kategori C | Y94: Kognitif | AA94: Gerak | AC94: Malnutrisi | AE94: Pendengaran | AG94: Penglihatan | AI94: Depresi | AK94: mendapatkan | AL94: dirujuk
O95: <6 | P95: >=6 | Q95: Jika Pertayaan 17=ya | R95: <6 | S95: >6 | T95: M | U95: R | V95: S | W95: B | X95: T | Y95: Ya | Z95: Tidak | AA95: Ya | AB95: Tidak | AC95: Ya | AD95: Tidak | AE95: Ya | AF95: Tidak | AG95: Ya | AH95: Tidak | AI95: Ya | AJ95: Tidak | AK95: Edukasi
A96: 1 | B96: 2 | C96: 3 | D96: 4 | E96: 5 | F96: 6 | G96: 7 | H96: 8 | I96: 9 | J96: 10 | K96: 11 | L96: 12 | M96: 13 | N96: 14 | O96: 15 | P96: 16 | Q96: 17 | R96: 18 | S96: 19 | T96: 20 | U96: 21 | V96: 22 | W96: 23 | X96: 24 | Y96: 25 | Z96: 26 | AA96: 27 | AB96: 28 | AC96: 29 | AD96: 30 | AE96: 31 | AF96: 32 | AG96: 33 | AH96: 34 | AI96: 35 | AJ96: 36 | AK96: 37 | AL96: 38
A97: 45658
A98: Februai 2025
A99: 45717
A100: 45748
A101: 45778
A102: 45809
A103: 45839
A104: 45870
A105: 45901
A106: 45931
A107: 45962
A108: 45992

Sheet PU
A1: LAPORAN POSYANDU
A2: BIDANG PEKERJAAN UMUM
B3: DESA
A5: No | B5: tanggal | C5: Nama Posyandu | D5: No Surat Permohonan RT | E5: Nama | F5: NIK | G5: Alamat | H5: Keluhan | I5: Lokasi Pembangunan Sarana | J5: Tindaklanjut
J6: TL | K6: BTL
A7: 1 | B7: 2 | C7: 3 | D7: 4 | E7: 5 | F7: 6 | G7: 7 | H7: 8 | I7: 9 | J7: 10 | K7: 11
A8: 1 | B8: 05 Juni 2025 | C8: CONTOH | D8: 04/SP.01/VI/25 | E8: DANI PRIATNA | F8: 3217061506680010 | G8: RT 04/25 | H8: MENGAJUKAN PEMBUATAN SUMUR BOR KARENA DIMUSIM KEMARAU KEKERINGAN | I8: LAPANG/TANAH KOSONG DEKAT RUMAH WARGA | J8: TELAH DIREALISASI DAPAT BANTUAN DARI ANGGOTA DEWAN (IBU NUR) PKS
A9: 2
A10: 3
A11: 4
A12: 5
A13: 6
A14: 7
J23: 0.25

Sheet PR
A1: LAPORAN POSYANDU
A2: BIDANG PERUMAHAN RAKYAT
B3: DESA
A4: No | B4: tanggal | C4: Posyandu | D4: Nama | E4: NIK | F4: Alamat | G4: Persyaratan | L4: Tindaklanjut
G5: FC KK | H5: FC KTP | I5: SP* | J5: Suket Penghasilan | K5: Foto Kondisi Rumah | L5: TL | M5: BTL
A6: 1 | B6: 2 | C6: 3 | D6: 4 | E6: 5 | F6: 6 | G6: 7 | H6: 8 | I6: 9 | J6: 10 | K6: 11 | L6: 12 | M6: 13
A7: 1 | B7: 45753 | C7: CONTOH | D7: Apandi | E7: 3217061107690003 | F7: RT 12/25 | K7: Menepati tanah Developer karena belum memiliki rumah.
A8: 2 | C8: APEL
A9: 3

Sheet TRANTIB LINMAS
A1: LAPORAN POSYANDU
A2: BIDANG TRANTIBUM LINMAS
B3: DESA
A4: No | B4: tanggal | C4: Posyandu | D4: NIK | E4: Nama | F4: Alamat | G4: Hal pengaduan | H4: Keterangan
H5: TL | I5: BTL
A6: 1 | B6: 2 | D6: 3 | E6: 4 | F6: 5 | G6: 6 | H6: 7 | I6: 8
A7: 1 | B7: 02 Juni 2025 | C7: CONTOH | D7: 3217060105770092 | E7: Indianto | F7: RT 03 RW 25 | G7: Kehilangan 2 unit motor | H7: Lapor ke Polisi
A8: 2
A9: 3
A10: 4
A11: 5
A12: 6

Sheet SOSIAL
A1: LAPORAN POSYANDU
A2: BIDANG SOSIAL
A3: DESA:
A5: No | B5: tanggal | C5: Posyandu | D5: NIK | E5: Nama | F5: Alamat | G5: Hal pengaduan | H5: Keterangan
H6: TL | I6: BTL
A7: 1 | B7: 2 | D7: 3 | E7: 4 | F7: 5 | G7: 6 | H7: 7 | I7: 8
A8: 1 | B8: 20 Juli 2025 | C8: CONTOH | D8: 3217060812490003 | E8: SAFEI | F8: RT 08/25 | G8: PENGAJUAN KIS | H8: LANGSUNG DI AJUKAN DAN DISETUJUI
